League,Date,Time,Home,Away,Odd_H_Back,Odd_H_Lay,Odd_A_Back,Odd_A_Lay,Odd_D_Back,Odd_D_Lay,Odd_Under25_FT_Back,Odd_Under25_FT_Lay,Odd_Over25_FT_Back,Odd_Over25_FT_Lay,Odd_BTTS_Yes_Back,Odd_BTTS_Yes_Lay,Odd_BTTS_No_Back,Odd_BTTS_No_Lay,Odd_CS_0x0_Back,Odd_CS_0x0_Lay,Odd_CS_0x1_Back,Odd_CS_0x1_Lay,Odd_CS_0x2_Back,Odd_CS_0x2_Lay,Odd_CS_0x3_Back,Odd_CS_0x3_Lay,Odd_CS_1x0_Back,Odd_CS_1x0_Lay,Odd_CS_1x1_Back,Odd_CS_1x1_Lay,Odd_CS_1x2_Back,Odd_CS_1x2_Lay,Odd_CS_1x3_Back,Odd_CS_1x3_Lay,Odd_CS_2x0_Back,Odd_CS_2x0_Lay,Odd_CS_2x1_Back,Odd_CS_2x1_Lay,Odd_CS_2x2_Back,Odd_CS_2x2_Lay,Odd_CS_2x3_Back,Odd_CS_2x3_Lay,Odd_CS_3x0_Back,Odd_CS_3x0_Lay,Odd_CS_3x1_Back,Odd_CS_3x1_Lay,Odd_CS_3x2_Back,Odd_CS_3x2_Lay,Odd_CS_3x3_Back,Odd_CS_3x3_Lay,Odd_CS_Goleada_H_Back,Odd_CS_Goleada_H_Lay,Odd_CS_Goleada_A_Back,Odd_CS_Goleada_A_Lay,Odd_CS_Goleada_D_Back,Odd_CS_Goleada_D_Lay,ID_Evento,ID_Home,ID_Away,ID_Draw,IDMercado_Match_Odds,IDMercado_Over/Under_25_Goals,IDMercado_Both_teams_to_Score,IDMercado_Correct_Score
Australian A-League Men,2024-04-02,05:00:00,Central Coast Mariners,Melbourne City,2.22,2.24,3.2,3.25,4.0,4.2,2.38,2.58,1.64,1.73,1.59,1.66,2.52,2.68,18.0,21.0,16.0,18.0,22.0,25.0,46.0,55.0,12.5,14.5,8.6,12.0,13.0,14.0,28.0,32.0,15.0,16.0,10.0,11.0,14.5,16.0,32.0,38.0,26.0,29.0,19.0,21.0,25.0,29.0,55.0,70.0,9.4,12.5,16.5,23.0,11.0,980.0,33135913,1205126.0,8586946.0,58805.0,1.226692896,1.2266929,1.226692975,1.226692897
South Korean K League 1,2024-04-02,07:30:00,Daejeon Citizen,Ulsan Hyundai Horang-i,4.1,4.6,1.87,2.02,3.6,4.2,2.02,2.18,1.85,1.97,1.77,1.89,2.12,2.3,11.5,19.0,3.15,12.0,3.3,15.0,3.65,27.0,3.5,21.0,3.15,11.0,3.2,13.0,3.6,24.0,4.2,40.0,12.5,22.0,3.6,980.0,4.2,42.0,4.1,110.0,4.0,65.0,4.0,70.0,4.1,120.0,3.95,65.0,3.3,15.0,4.2,1000.0,33153951,5352230.0,5352229.0,58805.0,1.226922301,1.226922346,1.226922385,1.22692231
South Korean K League 1,2024-04-02,07:30:00,Pohang Steelers,Suwon FC,1.72,1.88,4.6,5.6,3.85,4.7,2.04,2.24,1.81,1.95,1.75,2.02,1.99,2.32,13.0,980.0,5.6,980.0,5.9,44.0,6.4,130.0,7.6,10.5,7.6,10.5,5.6,980.0,6.2,70.0,8.8,12.0,8.4,11.5,5.4,980.0,6.2,75.0,14.5,20.0,14.5,19.5,5.8,38.0,6.4,120.0,4.2,11.0,6.2,75.0,6.8,1000.0,33153950,1363823.0,7394845.0,58805.0,1.226922391,1.226922436,1.226922475,1.2269224
Turkish 1 Lig,2024-04-02,08:00:00,Keciorengucu,Corum Belediyespor,2.52,3.6,2.32,3.25,2.78,6.4,1.7,2.04,1.96,3.35,1.12,110.0,1.12,1000.0,2.38,980.0,2.46,980.0,2.38,21.0,2.7,1000.0,2.38,980.0,2.4,980.0,2.3,980.0,2.5,1000.0,2.32,23.0,2.32,980.0,3.25,980.0,1.97,1000.0,1.97,1000.0,2.7,1000.0,1.97,1000.0,1.97,1000.0,2.5,1000.0,2.5,38.0,1.97,1000.0,33140618,2080693.0,6781499.0,58805.0,1.226705133,1.226705178,0.0,0.0
Turkish 1 Lig,2024-04-02,08:00:00,Sanliurfaspor,Sakaryaspor,2.42,2.98,2.68,3.35,3.05,330.0,1.72,2.0,2.0,2.4,1.78,2.08,1.94,2.3,1.44,13.0,1.43,12.5,2.78,22.0,1.27,1000.0,1.41,11.5,1.66,8.4,4.5,15.0,5.7,1000.0,1.61,18.5,1.45,14.0,4.9,1000.0,6.0,1000.0,3.5,1000.0,5.3,1000.0,1.61,1000.0,21.0,1000.0,1.16,1000.0,1.16,1000.0,3.1,1000.0,33140608,2610482.0,508781.0,58805.0,1.226705223,1.226705268,0.0,0.0
Bulgarian A League,2024-04-02,11:00:00,Etar,Arda,3.75,10.5,1.87,2.34,3.2,5.1,1.27,18.0,1.06,4.6,1.12,990.0,1.12,990.0,1.41,980.0,1.1,980.0,1.1,1000.0,1.1,1000.0,1.1,980.0,1.1,980.0,1.1,980.0,1.1,1000.0,1.1,1000.0,1.1,980.0,1.1,980.0,1.1,1000.0,1.1,1000.0,1.1,1000.0,1.1,1000.0,1.1,1000.0,1.1,1000.0,1.1,1000.0,1.1,1000.0,33136166,5112597.0,20731976.0,58805.0,1.226628955,1.226629,0.0,0.0
Turkish 1 Lig,2024-04-02,11:00:00,Boluspor,Genclerbirligi,2.42,2.68,3.05,3.5,3.1,3.55,1.68,1.87,2.14,2.48,1.92,2.1,1.92,2.1,4.5,11.5,4.4,12.0,5.3,23.0,6.0,65.0,4.3,10.0,3.7,8.2,4.8,16.0,6.0,48.0,4.9,17.0,4.5,13.5,5.3,23.0,6.2,70.0,5.8,40.0,5.7,34.0,6.0,60.0,6.4,1000.0,5.6,32.0,6.0,50.0,6.8,1000.0,33142055,2553026.0,50350.0,58805.0,1.226730321,1.226730368,0.0,0.0
Turkish Super League,2024-04-02,11:00:00,Istanbulspor,Rizespor,3.7,3.95,2.04,2.1,3.85,4.0,2.1,2.36,1.73,1.91,0.0,0.0,0.0,0.0,0.0,0.0,0.0,0.0,0.0,0.0,0.0,0.0,0.0,0.0,0.0,0.0,0.0,0.0,0.0,0.0,0.0,0.0,0.0,0.0,0.0,0.0,0.0,0.0,0.0,0.0,0.0,0.0,0.0,0.0,0.0,0.0,0.0,0.0,0.0,0.0,0.0,0.0,33117445,113186.0,113643.0,58805.0,1.226295462,0.0,0.0,0.0
Croatian 2 HNL,2024-04-02,11:30:00,NK Croatia Zmijavci,Sibenik,2.86,400.0,1.86,3.4,2.82,210.0,1.27,970.0,1.05,4.6,1.12,9.4,1.12,110.0,1.49,1000.0,1.03,1000.0,1.03,1000.0,1.03,1000.0,2.7,1000.0,1.03,1000.0,1.03,1000.0,1.03,1000.0,1.03,1000.0,1.03,1000.0,1.03,1000.0,1.03,1000.0,1.03,1000.0,1.03,1000.0,1.03,1000.0,1.03,1000.0,1.01,1000.0,1.01,1000.0,1.03,1000.0,33143846,8751049.0,2020490.0,58805.0,1.22675851,1.226758555,0.0,0.0
Serbian Super League,2024-04-02,11:30:00,FK Novi Pazar,FK Backa Topola,1.04,480.0,1.04,870.0,1.21,950.0,1.2,26.0,1.05,6.6,1.12,1000.0,1.12,1000.0,1.39,980.0,1.1,980.0,1.1,1000.0,1.1,1000.0,1.1,980.0,1.1,980.0,1.1,980.0,1.1,1000.0,1.1,1000.0,3.45,980.0,1.1,980.0,1.1,1000.0,1.1,1000.0,1.1,1000.0,1.1,1000.0,1.1,1000.0,1.1,1000.0,1.1,1000.0,1.1,1000.0,33154956,9899252.0,14609047.0,58805.0,1.226942743,1.226942788,1.226942827,1.226942752
Polish I Liga,2024-04-02,13:00:00,Wisla Plock,Stal Rzeszow,1.71,1.87,4.2,5.8,3.7,4.7,2.08,2.44,1.7,1.92,1.66,1.91,2.1,2.5,3.7,22.0,3.7,24.0,3.95,44.0,4.1,120.0,3.45,13.0,3.35,11.5,3.75,23.0,4.0,65.0,3.6,14.5,3.45,12.5,3.7,23.0,4.0,70.0,3.75,25.0,3.7,22.0,4.0,38.0,4.1,110.0,3.15,12.0,4.0,60.0,4.3,1000.0,33142079,487520.0,5817456.0,58805.0,1.226730423,1.22673047,0.0,0.0
Bulgarian A League,2024-04-02,13:30:00,Slavia Sofia,Pirin Blagoevgrad,1.44,1.72,1.04,1000.0,3.6,6.6,1.27,26.0,1.05,4.6,1.12,1000.0,1.12,990.0,1.47,980.0,1.1,980.0,1.1,1000.0,1.1,1000.0,1.1,980.0,1.1,980.0,1.1,980.0,1.1,1000.0,1.1,1000.0,1.1,980.0,1.1,980.0,1.1,1000.0,1.1,1000.0,1.1,1000.0,1.1,1000.0,1.1,1000.0,1.1,1000.0,1.1,1000.0,1.1,1000.0,33136165,1255221.0,2504333.0,58805.0,1.226629045,1.22662909,0.0,0.0
Danish 1st Division,2024-04-02,13:30:00,Fredericia,Vendsyssel FF,2.68,3.1,2.5,2.84,3.65,3.7,2.14,2.42,1.71,1.88,1.64,1.74,2.34,2.58,13.0,22.0,10.0,16.5,3.75,23.0,4.3,1000.0,3.6,17.0,3.3,11.0,3.55,15.0,19.0,32.0,14.5,24.0,9.4,15.5,3.65,20.0,4.3,1000.0,4.3,1000.0,4.2,34.0,4.3,1000.0,4.1,1000.0,2.68,24.0,2.66,22.0,3.0,1000.0,33134125,151003.0,7431787.0,58805.0,1.226582061,1.226582106,0.0,0.0
Dutch Eredivisie,2024-04-02,13:45:00,Vitesse Arnhem,Sparta Rotterdam,2.66,2.82,2.7,2.76,3.6,3.9,2.02,2.18,1.86,1.99,1.64,1.88,2.14,2.56,12.5,17.0,10.0,14.0,15.0,21.0,5.7,44.0,10.5,14.0,7.0,9.2,10.0,14.0,5.5,32.0,15.0,21.0,10.0,14.0,13.5,980.0,5.7,44.0,5.7,44.0,5.5,32.0,5.8,44.0,6.2,95.0,5.2,24.0,5.2,24.0,6.4,1000.0,33119657,56363.0,111703.0,58805.0,1.226345222,1.226345232,0.0,0.0
Danish Superliga,2024-04-02,14:00:00,OB,Vejle,1.96,2.08,3.95,5.1,3.35,3.95,1.74,1.91,2.1,2.36,1.87,2.2,1.84,2.16,9.4,13.0,11.5,15.5,5.7,36.0,6.4,110.0,6.8,9.0,6.6,8.8,14.5,20.0,6.0,70.0,9.4,12.5,8.8,12.0,17.0,24.0,6.2,85.0,5.7,26.0,18.5,26.0,5.9,48.0,6.4,150.0,5.0,19.0,6.2,85.0,6.6,1000.0,33125746,113225.0,44103.0,58805.0,1.2264435,1.22644351,0.0,0.0
Norwegian Eliteserien,2024-04-02,14:00:00,KFUM Oslo,Ham-Kam,2.38,2.52,3.0,3.2,3.65,3.9,2.06,2.18,1.85,1.95,1.71,1.81,2.24,2.42,12.5,17.0,12.0,15.0,19.5,24.0,7.0,55.0,10.0,12.0,7.6,8.6,12.0,15.0,6.6,36.0,14.0,18.0,10.0,12.0,15.0,19.0,7.0,46.0,6.6,36.0,21.0,27.0,6.8,40.0,7.4,95.0,5.8,19.5,6.4,30.0,8.0,760.0,33125411,14136987.0,163203.0,58805.0,1.226437283,1.226437293,0.0,0.0
Polish Ekstraklasa,2024-04-02,14:00:00,Warta Poznan,Zaglebie Lubin,2.88,3.45,2.52,2.96,3.0,3.65,1.63,1.83,2.2,2.6,1.9,2.2,1.83,2.12,8.2,11.0,7.6,10.5,13.0,17.5,5.9,44.0,8.4,11.5,6.0,8.0,10.5,14.0,5.8,38.0,15.5,22.0,11.0,15.5,16.5,23.0,6.0,60.0,6.0,60.0,5.9,44.0,6.2,70.0,6.4,160.0,6.0,48.0,5.7,36.0,6.8,1000.0,33134155,3348521.0,166904.0,58805.0,1.226581242,1.226581287,0.0,0.0
Swedish Superettan,2024-04-02,14:00:00,Osters,Degerfors,1.92,2.02,3.75,4.2,3.9,4.3,2.28,2.46,1.68,1.79,1.65,1.75,2.34,2.54,14.0,24.0,13.5,23.0,22.0,38.0,4.1,95.0,8.8,14.5,7.0,11.5,12.0,20.0,4.2,55.0,10.0,16.5,7.8,13.0,12.5,21.0,4.2,60.0,16.5,28.0,13.5,23.0,21.0,36.0,4.1,95.0,3.2,13.0,3.9,42.0,4.2,670.0,33120014,780885.0,784612.0,58805.0,1.226356801,1.226356846,0.0,0.0
Serbian Super League,2024-04-02,14:00:00,Zeleznicar Pancevo,Radnik Surdulica,1.21,480.0,1.25,870.0,1.35,950.0,1.2,26.0,1.05,6.6,1.12,990.0,1.12,990.0,1.46,980.0,1.1,980.0,1.1,1000.0,1.1,1000.0,1.1,980.0,1.1,980.0,1.1,980.0,1.1,1000.0,1.1,1000.0,3.85,980.0,1.1,980.0,1.1,1000.0,1.1,1000.0,1.1,1000.0,1.1,1000.0,1.1,1000.0,1.1,1000.0,1.1,1000.0,1.1,1000.0,33154955,17203915.0,8860947.0,58805.0,1.226942833,1.226942878,1.226942917,1.226942842
South African Premier Division,2024-04-02,14:30:00,Mamelodi Sundowns,Richards Bay FC,1.24,1.74,8.0,980.0,3.3,330.0,1.6,2.82,1.55,2.66,1.12,1000.0,1.12,1000.0,1.48,980.0,1.1,980.0,1.1,1000.0,1.1,1000.0,1.1,980.0,1.1,980.0,1.1,980.0,1.1,1000.0,1.1,1000.0,1.1,980.0,1.1,980.0,1.1,1000.0,1.1,1000.0,1.1,1000.0,1.1,1000.0,1.1,1000.0,1.1,1000.0,1.1,1000.0,1.1,1000.0,33152633,6772440.0,17586408.0,58805.0,1.226893286,1.226893331,0.0,0.0
South African Premier Division,2024-04-02,14:30:00,Kaizer Chiefs,Stellenbosch FC,2.02,480.0,3.75,870.0,1.36,4.3,1.27,980.0,1.06,4.6,1.12,1000.0,1.12,1000.0,1.1,980.0,1.1,980.0,1.1,1000.0,1.1,1000.0,1.1,980.0,1.1,980.0,1.1,980.0,1.1,1000.0,1.1,1000.0,1.1,980.0,1.1,980.0,1.1,1000.0,1.1,1000.0,1.1,1000.0,1.1,1000.0,1.1,1000.0,1.1,1000.0,1.1,1000.0,1.1,1000.0,33152645,364675.0,12678248.0,58805.0,1.226893196,1.226893241,0.0,0.0
South African Premier Division,2024-04-02,14:30:00,AmaZulu,Polokwane City,2.12,15.0,1.88,810.0,2.36,330.0,1.27,21.0,1.1,4.6,1.12,1000.0,1.12,1000.0,1.48,1000.0,1.03,1000.0,1.03,1000.0,1.03,1000.0,1.03,1000.0,1.03,1000.0,1.03,1000.0,1.03,1000.0,1.03,1000.0,1.03,1000.0,1.03,1000.0,1.03,1000.0,1.03,1000.0,1.03,1000.0,1.03,1000.0,1.03,1000.0,1.01,1000.0,1.01,1000.0,1.03,1000.0,33152612,8750556.0,7219493.0,58805.0,1.226893466,1.226893511,0.0,0.0
Turkish Super League,2024-04-02,14:30:00,Galatasaray,Hatayspor,1.2,1.22,16.5,27.0,8.2,9.4,3.1,3.4,1.41,1.48,0.0,0.0,0.0,0.0,0.0,0.0,0.0,0.0,0.0,0.0,0.0,0.0,0.0,0.0,0.0,0.0,0.0,0.0,0.0,0.0,0.0,0.0,0.0,0.0,0.0,0.0,0.0,0.0,0.0,0.0,0.0,0.0,0.0,0.0,0.0,0.0,0.0,0.0,0.0,0.0,0.0,0.0,33117394,2436.0,965417.0,58805.0,1.226296218,0.0,0.0,0.0
Turkish Super League,2024-04-02,14:30:00,Antalyaspor,Ankaragucu,2.06,2.22,3.95,4.7,3.35,3.45,1.71,1.84,2.2,2.42,0.0,0.0,0.0,0.0,0.0,0.0,0.0,0.0,0.0,0.0,0.0,0.0,0.0,0.0,0.0,0.0,0.0,0.0,0.0,0.0,0.0,0.0,0.0,0.0,0.0,0.0,0.0,0.0,0.0,0.0,0.0,0.0,0.0,0.0,0.0,0.0,0.0,0.0,0.0,0.0,0.0,0.0,33117444,113188.0,113184.0,58805.0,1.22629557,0.0,0.0,0.0
Turkish Super League,2024-04-02,14:30:00,Gaziantep FK,Alanyaspor,2.38,2.88,2.94,3.6,3.2,3.85,1.78,2.2,1.84,2.28,0.0,0.0,0.0,0.0,0.0,0.0,0.0,0.0,0.0,0.0,0.0,0.0,0.0,0.0,0.0,0.0,0.0,0.0,0.0,0.0,0.0,0.0,0.0,0.0,0.0,0.0,0.0,0.0,0.0,0.0,0.0,0.0,0.0,0.0,0.0,0.0,0.0,0.0,0.0,0.0,0.0,0.0,33117398,13848831.0,2080777.0,58805.0,1.226296002,0.0,0.0,0.0
South African Premier Division,2024-04-02,14:30:00,Sekhukhune United,Cape Town CIty F.C.,2.72,3.55,2.86,3.75,2.74,3.55,1.31,1.89,2.12,4.3,1.12,1000.0,1.12,1000.0,1.48,980.0,1.1,980.0,1.1,1000.0,1.1,1000.0,1.1,980.0,1.1,980.0,1.1,980.0,1.1,1000.0,1.1,1000.0,3.3,980.0,1.1,980.0,1.1,1000.0,3.1,1000.0,1.1,1000.0,1.1,1000.0,1.1,1000.0,1.1,1000.0,1.1,1000.0,1.1,1000.0,33152819,38281353.0,11635228.0,58805.0,1.226913455,1.2269135,0.0,0.0
Dutch Eredivisie,2024-04-02,15:00:00,Excelsior,PSV,16.5,21.0,1.17,1.2,9.6,12.0,4.1,4.6,1.28,1.33,1.81,1.91,2.1,2.24,1.1,980.0,1.1,980.0,1.1,1000.0,1.1,1000.0,1.1,980.0,1.1,980.0,1.1,980.0,1.1,1000.0,1.1,1000.0,1.1,980.0,1.1,980.0,1.1,1000.0,1.1,1000.0,1.1,1000.0,1.1,1000.0,1.1,1000.0,1.1,1000.0,1.1,1000.0,1.1,1000.0,33124073,67164.0,48451.0,58805.0,1.226412847,0.0,0.0,0.0
Swiss Challenge League,2024-04-02,15:15:00,Sion,Neuchatel Xamax,1.32,1.8,4.4,1000.0,1.2,950.0,1.34,18.0,1.21,3.95,1.12,1000.0,1.12,1000.0,1.1,980.0,1.1,980.0,1.1,1000.0,1.1,1000.0,1.1,980.0,1.1,980.0,1.1,980.0,1.1,1000.0,1.1,1000.0,1.1,980.0,1.1,980.0,1.1,1000.0,1.1,1000.0,1.1,1000.0,1.1,1000.0,1.1,1000.0,1.1,1000.0,1.1,1000.0,1.1,1000.0,33151162,65785.0,65779.0,58805.0,1.226870817,1.226870862,0.0,0.0
English Premier League,2024-04-02,15:30:00,Newcastle,Everton,2.04,2.06,3.8,3.85,3.95,4.0,2.46,2.54,1.65,1.68,1.6,1.64,2.56,2.68,19.5,21.0,18.5,19.5,27.0,30.0,60.0,70.0,12.0,13.5,8.8,9.0,14.5,15.5,34.0,36.0,13.5,14.5,10.0,10.5,14.5,15.0,36.0,40.0,23.0,25.0,17.0,18.0,25.0,27.0,55.0,65.0,9.0,10.0,21.0,27.0,150.0,440.0,33115449,25422.0,56343.0,58805.0,1.226260999,1.226260938,1.226260998,1.226261009
English Premier League,2024-04-02,15:30:00,Nottm Forest,Fulham,2.62,2.64,2.92,2.94,3.55,3.6,2.04,2.08,1.92,1.97,1.74,1.79,2.26,2.36,13.5,14.0,11.5,12.5,18.0,19.0,40.0,44.0,11.0,12.0,7.4,7.6,12.0,13.0,28.0,30.0,16.0,17.5,11.0,12.0,15.5,16.5,38.0,40.0,34.0,38.0,25.0,27.0,34.0,38.0,75.0,80.0,19.0,21.0,21.0,25.0,30.0,1000.0,33115405,39674645.0,56764.0,58805.0,1.226260479,1.226260418,1.226260478,1.226260489
Polish I Liga,2024-04-02,15:30:00,Lechia Gdansk,Odra Opole,1.49,1.68,6.2,8.8,3.45,330.0,1.34,2.06,1.95,3.95,1.12,110.0,1.12,110.0,1.49,15.0,2.5,1000.0,2.44,1000.0,1.1,1000.0,1.54,8.2,1.07,11.0,1.18,1000.0,1.1,1000.0,1.32,9.4,4.4,11.5,5.7,1000.0,6.4,1000.0,1.18,16.0,5.1,1000.0,6.2,1000.0,1.1,1000.0,1.18,10.5,1.1,1000.0,2.4,1000.0,33142064,3143305.0,2618007.0,58805.0,1.226730533,1.226730578,0.0,0.0
Swiss Super League,2024-04-02,15:30:00,Lugano,FC Basel,2.06,2.16,3.55,3.85,3.75,4.1,2.14,2.6,1.63,1.88,1.68,1.79,2.28,2.46,12.5,21.0,12.0,20.0,20.0,34.0,1.03,85.0,8.4,14.0,6.6,11.0,11.0,19.0,1.03,48.0,10.5,17.5,8.0,13.0,12.5,21.0,1.03,60.0,18.5,32.0,15.0,25.0,1.03,40.0,1.03,100.0,1.01,15.5,1.01,42.0,1.03,1000.0,33153087,65780.0,2939090.0,58805.0,1.226909498,1.226909508,0.0,0.0
English League 2,2024-04-02,15:45:00,Doncaster,Wrexham,3.4,3.9,1.96,2.16,3.45,5.7,1.62,5.4,1.23,2.62,1.12,1000.0,1.12,1000.0,1.49,980.0,1.1,980.0,1.1,1000.0,1.1,1000.0,1.1,980.0,1.1,980.0,1.1,980.0,1.1,1000.0,1.1,1000.0,1.1,980.0,1.1,980.0,1.1,1000.0,1.1,1000.0,1.1,1000.0,1.1,1000.0,1.1,1000.0,1.1,1000.0,1.1,1000.0,1.1,1000.0,33136095,49205.0,63604.0,58805.0,1.226628144,0.0,0.0,0.0
English Premier League,2024-04-02,15:45:00,Bournemouth,Crystal Palace,1.93,1.94,4.2,4.3,4.0,4.1,2.2,2.26,1.8,1.84,1.74,1.8,2.26,2.34,15.5,17.0,15.5,18.0,29.0,32.0,70.0,85.0,10.0,11.0,8.2,9.0,15.5,17.0,42.0,48.0,11.5,12.5,9.6,10.5,16.0,17.0,46.0,55.0,20.0,22.0,17.0,18.5,28.0,32.0,75.0,85.0,10.5,11.5,32.0,42.0,18.5,1000.0,33115436,1141.0,62523.0,58805.0,1.226261315,1.226261254,1.226261314,1.226261325
English Premier League,2024-04-02,15:45:00,Burnley,Wolves,2.9,2.92,2.56,2.58,3.7,3.75,2.08,2.22,1.82,1.93,1.68,1.75,2.34,2.48,15.0,16.5,12.0,13.0,16.5,17.5,34.0,36.0,13.0,14.0,7.8,8.4,11.0,11.5,23.0,25.0,19.0,21.0,12.0,12.5,15.0,15.5,32.0,36.0,42.0,44.0,27.0,30.0,34.0,38.0,65.0,75.0,20.0,23.0,15.5,18.5,21.0,1000.0,33115399,56299.0,48044.0,58805.0,1.22626064,1.226260579,1.226260639,1.22626065
Northern Irish Premiership,2024-04-02,15:45:00,Carrick Rangers,Linfield,6.0,10.0,1.41,1.62,3.9,330.0,1.38,2.68,1.6,3.6,1.12,1000.0,1.12,1000.0,1.47,23.0,1.03,11.0,1.03,11.0,1.03,16.5,2.7,1000.0,1.03,13.5,1.03,12.5,1.03,19.0,2.68,1000.0,3.05,1000.0,6.0,1000.0,7.2,1000.0,4.8,1000.0,5.5,1000.0,13.5,1000.0,17.0,1000.0,1.01,1000.0,1.01,8.4,1.03,1000.0,33142041,2757225.0,44330.0,58805.0,1.226730643,1.226730688,0.0,0.0
Northern Irish Premiership,2024-04-02,15:45:00,Cliftonville,Larne,3.2,4.1,2.14,2.58,3.2,330.0,1.29,1.91,1.39,4.5,1.12,1000.0,1.12,1000.0,1.1,980.0,1.1,980.0,1.1,15.5,1.1,1000.0,1.1,980.0,1.1,980.0,1.1,980.0,1.1,1000.0,1.1,1000.0,1.1,980.0,1.1,980.0,1.1,1000.0,1.1,1000.0,1.1,1000.0,1.1,1000.0,1.1,1000.0,1.1,1000.0,1.1,1000.0,1.1,1000.0,33142040,539979.0,539984.0,58805.0,1.226730753,1.226730798,0.0,0.0
Scottish Championship,2024-04-02,15:45:00,Arbroath,Airdrieonians,3.35,7.6,1.69,870.0,1.88,6.2,1.73,5.0,1.25,2.38,1.12,1000.0,1.12,1000.0,1.03,1000.0,1.03,1000.0,1.03,1000.0,1.03,1000.0,1.03,1000.0,1.03,1000.0,1.03,1000.0,1.03,1000.0,1.03,1000.0,1.03,1000.0,1.03,1000.0,1.03,1000.0,1.03,1000.0,1.03,1000.0,1.03,1000.0,1.03,1000.0,1.01,1000.0,1.01,1000.0,1.03,1000.0,33152655,306045.0,7394884.0,58805.0,1.226896898,1.226896943,0.0,0.0
Saudi Professional League,2024-04-02,16:00:00,Al Taee,Al-Taawoun Buraidah,3.8,6.8,1.75,2.36,3.2,7.0,1.78,3.2,1.45,2.28,1.12,1000.0,1.12,1000.0,1.48,1000.0,2.44,1000.0,2.8,1000.0,3.95,1000.0,2.42,1000.0,2.8,1000.0,6.0,1000.0,4.8,1000.0,2.74,1000.0,3.35,1000.0,4.7,1000.0,15.0,1000.0,4.9,1000.0,5.0,1000.0,12.0,1000.0,8.0,1000.0,1.01,1000.0,1.01,1000.0,1.03,1000.0,33153042,14116284.0,12157288.0,58805.0,1.226907499,1.226907544,0.0,0.0
Saudi Professional League,2024-04-02,16:00:00,Al-Hilal,Al-Akhdoud,1.09,5.9,1.58,980.0,1.89,980.0,1.27,110.0,1.05,4.6,1.12,990.0,1.12,990.0,1.1,980.0,1.1,980.0,1.1,1000.0,1.1,1000.0,1.1,980.0,1.1,980.0,1.1,980.0,1.1,1000.0,1.1,1000.0,1.1,980.0,1.1,980.0,1.1,1000.0,1.1,1000.0,1.1,1000.0,1.1,1000.0,1.1,1000.0,1.1,1000.0,1.1,1000.0,1.1,1000.0,33153043,3725113.0,21666423.0,58805.0,1.226919307,1.226919291,1.226919306,1.226919316
Saudi Professional League,2024-04-02,16:00:00,Abha,Al Nassr,1.94,990.0,1.09,5.9,1.89,980.0,1.27,110.0,1.05,4.6,1.12,990.0,1.12,990.0,1.45,980.0,1.1,980.0,1.1,1000.0,1.1,1000.0,1.1,980.0,1.1,980.0,1.1,980.0,1.1,1000.0,1.1,1000.0,1.1,980.0,1.1,980.0,1.1,1000.0,1.1,1000.0,1.1,1000.0,1.1,1000.0,1.1,1000.0,1.1,1000.0,1.1,1000.0,1.1,1000.0,33153050,10732580.0,6359075.0,58805.0,1.226919167,1.226919151,1.226919166,1.226919176
English League 1,2024-04-02,16:00:00,Portsmouth,Derby,2.38,2.42,3.35,3.4,3.5,3.55,1.32,13.5,1.28,4.2,1.12,1000.0,1.12,1000.0,1.47,1000.0,1.03,1000.0,1.03,1000.0,1.03,1000.0,1.03,1000.0,1.03,1000.0,1.03,1000.0,1.03,1000.0,1.03,1000.0,1.03,1000.0,1.03,1000.0,1.03,1000.0,1.03,1000.0,1.03,1000.0,1.03,1000.0,1.03,1000.0,1.01,1000.0,1.01,1000.0,1.03,1000.0,33135688,58344.0,48325.0,58805.0,1.226619541,0.0,0.0,0.0
Dutch Eredivisie,2024-04-02,16:00:00,Fortuna Sittard,NEC Nijmegen,2.56,2.66,2.82,2.98,3.6,3.9,2.08,2.24,1.8,1.92,1.68,1.78,2.28,2.46,13.0,17.5,11.0,15.0,16.5,23.0,6.2,48.0,10.0,13.5,7.0,8.8,10.0,14.0,6.0,34.0,14.5,19.5,9.6,13.0,14.5,18.5,6.2,44.0,6.2,40.0,21.0,29.0,6.0,42.0,6.6,90.0,5.3,21.0,5.7,27.0,7.0,730.0,33119656,49058.0,48456.0,58805.0,1.22634533,0.0,0.0,0.0
Saudi Professional League,2024-04-02,16:00:00,Al-Feiha,Al-Wahda (KSA),2.22,3.7,2.8,1000.0,2.44,5.2,1.56,2.3,1.78,2.76,1.12,1000.0,1.12,1000.0,1.46,980.0,1.1,980.0,1.1,1000.0,1.1,1000.0,1.1,980.0,1.1,980.0,1.1,980.0,1.1,1000.0,1.1,1000.0,4.3,980.0,1.1,980.0,1.1,1000.0,1.1,1000.0,1.1,1000.0,1.1,1000.0,1.1,1000.0,1.1,1000.0,1.1,1000.0,1.1,1000.0,33153049,13886091.0,6617059.0,58805.0,1.226907409,1.226907454,0.0,0.0
English Premier League,2024-04-02,16:15:00,West Ham,Tottenham,3.2,3.25,2.18,2.2,4.2,4.3,3.1,3.35,1.42,1.48,1.45,1.49,3.0,3.25,28.0,32.0,17.5,19.5,18.0,19.5,27.0,30.0,22.0,24.0,10.0,11.0,10.5,11.5,17.5,18.5,27.0,30.0,13.5,14.5,13.0,13.5,21.0,23.0,48.0,55.0,25.0,29.0,27.0,30.0,40.0,44.0,14.0,15.5,7.6,8.4,85.0,230.0,33115442,48756.0,48224.0,58805.0,1.22626114,1.226261079,1.226261139,1.22626115
CONMEBOL Copa Libertadores,2024-04-02,18:00:00,Cobresal,Barcelona (ECU),2.6,2.8,2.76,3.45,2.92,3.8,1.87,1.99,2.02,2.16,1.8,1.91,2.1,2.24,2.2,980.0,4.0,980.0,2.3,980.0,5.2,1000.0,3.8,980.0,3.5,980.0,4.2,980.0,2.46,1000.0,2.28,980.0,4.1,980.0,2.3,980.0,3.85,1000.0,5.2,980.0,2.46,980.0,2.0,1000.0,2.46,1000.0,2.28,980.0,2.3,980.0,5.9,1000.0,33124233,5129865.0,13749040.0,58805.0,1.226414784,1.226414794,1.226414783,1.226414793
CONMEBOL Copa Libertadores,2024-04-02,18:00:00,Millonarios,Flamengo,4.1,4.6,2.04,2.14,3.4,3.7,1.75,1.95,2.06,2.34,1.92,2.04,1.98,2.1,8.8,12.0,7.8,9.0,10.5,14.5,17.5,30.0,12.0,980.0,7.0,8.0,9.8,11.5,17.0,28.0,21.0,36.0,12.5,21.0,14.5,24.0,6.2,55.0,6.4,980.0,6.2,980.0,6.4,980.0,6.6,980.0,6.2,980.0,5.2,21.0,6.8,1000.0,33124786,900849.0,198138.0,58805.0,1.226426134,1.226426179,1.226426218,1.226426143
CONMEBOL Copa Sudamericana,2024-04-02,18:00:00,Belgrano,Internacional,3.3,4.2,2.06,2.44,3.15,4.0,1.75,2.02,1.98,2.34,1.84,1.98,2.02,2.18,10.0,980.0,7.6,980.0,11.0,980.0,6.0,980.0,10.5,14.5,6.6,980.0,9.2,980.0,20.0,980.0,20.0,980.0,12.5,980.0,15.5,980.0,5.9,980.0,6.0,980.0,5.8,980.0,6.0,980.0,6.2,1000.0,3.15,980.0,3.4,21.0,2.76,1000.0,33124747,1496989.0,198137.0,58805.0,1.226427025,1.226427035,1.226427024,1.226427034
CONMEBOL Copa Sudamericana,2024-04-02,18:00:00,Nacional (Par),Argentinos Juniors,3.35,4.2,2.22,2.5,3.05,3.75,1.65,3.5,1.4,2.54,1.98,2.12,1.89,2.02,3.7,980.0,3.9,980.0,3.95,980.0,3.4,1000.0,2.7,980.0,6.2,980.0,2.7,980.0,3.4,1000.0,3.4,1000.0,2.86,980.0,3.0,980.0,3.2,980.0,3.4,1000.0,3.4,1000.0,3.4,1000.0,3.35,1000.0,3.4,1000.0,3.0,980.0,3.4,1000.0,33124753,1370433.0,453739.0,58805.0,1.226426917,1.226426927,1.226426916,1.226426926
CONMEBOL Copa Libertadores,2024-04-02,21:00:00,The Strongest,Gremio,1.59,1.65,5.8,6.6,4.4,4.8,2.36,2.54,1.65,1.73,1.73,1.83,2.2,2.36,17.5,23.0,19.5,27.0,6.4,980.0,7.0,980.0,9.0,12.0,8.8,11.5,18.0,25.0,6.6,980.0,9.0,12.0,8.2,11.0,16.0,22.0,6.6,980.0,13.0,17.5,12.5,17.0,6.0,32.0,6.8,980.0,3.8,7.8,6.6,980.0,7.2,1000.0,33124091,328205.0,198134.0,58805.0,1.226412559,1.226412569,1.226412558,1.226412568
CONMEBOL Copa Libertadores,2024-04-02,21:30:00,Deportivo Tachira,River Plate,7.2,9.4,1.44,1.49,4.8,5.2,2.06,2.46,1.69,1.93,1.93,2.18,1.85,2.08,15.0,980.0,7.6,9.2,7.6,9.0,10.5,980.0,22.0,29.0,9.2,980.0,8.4,980.0,12.5,980.0,7.0,980.0,7.0,980.0,21.0,28.0,6.4,980.0,7.4,980.0,7.2,980.0,7.2,980.0,7.4,1000.0,7.2,980.0,3.75,7.4,7.6,1000.0,33124232,712865.0,194515.0,58805.0,1.226415011,1.226415045,1.226415003,1.226415042
CONMEBOL Copa Sudamericana,2024-04-02,21:30:00,Racing Club (Uru),Corinthians,4.7,6.4,1.77,1.94,3.3,4.4,1.77,1.95,2.04,2.3,1.95,2.16,1.86,2.06,3.35,980.0,6.0,980.0,3.25,980.0,3.7,980.0,3.6,980.0,3.15,980.0,3.3,980.0,3.75,980.0,4.0,980.0,3.75,980.0,3.75,980.0,4.0,980.0,4.2,1000.0,4.1,980.0,4.2,980.0,4.2,1000.0,4.2,980.0,3.45,980.0,4.3,1000.0,33124781,4465708.0,198136.0,58805.0,1.226426809,1.226426819,1.226426808,1.226426818
CONMEBOL Copa Sudamericana,2024-04-02,21:30:00,Club Sportivo Ameliano,Athletico-PR,4.6,5.9,1.9,2.0,3.05,3.8,1.27,3.7,1.37,4.6,1.1,11.0,1.1,11.0,1.5,980.0,1.26,980.0,1.11,980.0,3.9,1000.0,1.11,980.0,1.11,980.0,1.1,980.0,1.11,1000.0,1.11,1000.0,1.11,980.0,1.11,980.0,1.11,1000.0,1.11,1000.0,1.11,1000.0,1.11,1000.0,1.11,1000.0,1.11,1000.0,1.11,1000.0,3.55,1000.0,33124783,39325793.0,36860494.0,58805.0,1.2264267,1.22642671,1.226426699,1.226426709
CONMEBOL Copa Libertadores,2024-04-02,23:00:00,Universitario de Deportes,LDU,2.48,2.66,3.1,3.4,3.2,3.5,1.68,1.87,2.16,2.46,1.92,2.06,1.95,2.1,9.4,12.0,9.6,12.0,17.0,23.0,6.0,980.0,8.4,10.5,6.8,8.2,12.5,15.5,5.9,46.0,13.5,17.0,10.5,13.5,17.5,22.0,6.0,980.0,5.8,42.0,5.6,34.0,6.0,980.0,6.4,980.0,5.6,32.0,5.9,48.0,6.6,1000.0,33124755,3636903.0,474678.0,58805.0,1.226426224,1.226426269,1.226426308,1.226426233
CONMEBOL Copa Sudamericana,2024-04-02,23:00:00,Universidad Cesar Vallejo,Defensa y Justicia,3.4,4.1,2.14,2.38,3.25,4.0,1.76,1.94,2.06,2.32,1.86,2.04,1.97,2.16,3.65,980.0,3.2,980.0,3.7,980.0,3.9,980.0,3.7,980.0,3.05,980.0,3.6,980.0,3.9,980.0,3.85,980.0,3.8,980.0,3.7,980.0,4.1,980.0,4.2,980.0,4.5,980.0,4.1,980.0,4.3,1000.0,4.1,980.0,3.7,980.0,4.4,1000.0,33124785,5535792.0,5178272.0,58805.0,1.226426592,1.226426602,1.226426591,1.226426601
