League,Date,Time,Home,Away,Odd_H_Back,Odd_H_Lay,Odd_A_Back,Odd_A_Lay,Odd_D_Back,Odd_D_Lay,Odd_Under05_HT_Back,Odd_Under05_HT_Lay,Odd_Over05_HT_Back,Odd_Over05_HT_Lay,Odd_Under15_HT_Back,Odd_Under15_HT_Lay,Odd_Over15_HT_Back,Odd_Over15_HT_Lay,Odd_Under25_HT_Back,Odd_Under25_HT_Lay,Odd_Over25_HT_Back,Odd_Over25_HT_Lay,Odd_Under05_FT_Back,Odd_Under05_FT_Lay,Odd_Over05_FT_Back,Odd_Over05_FT_Lay,Odd_Under15_FT_Back,Odd_Under15_FT_Lay,Odd_Over15_FT_Back,Odd_Over15_FT_Lay,Odd_Under25_FT_Back,Odd_Under25_FT_Lay,Odd_Over25_FT_Back,Odd_Over25_FT_Lay,Odd_Under35_FT_Back,Odd_Under35_FT_Lay,Odd_Over35_FT_Back,Odd_Over35_FT_Lay,Odd_Under45_FT_Back,Odd_Under45_FT_Lay,Odd_Over45_FT_Back,Odd_Over45_FT_Lay,Odd_Under55_FT_Back,Odd_Under55_FT_Lay,Odd_Over55_FT_Back,Odd_Over55_FT_Lay,Odd_Under65_FT_Back,Odd_Under65_FT_Lay,Odd_Over65_FT_Back,Odd_Over65_FT_Lay,Odd_Under75_FT_Back,Odd_Under75_FT_Lay,Odd_Over75_FT_Back,Odd_Over75_FT_Lay,Odd_Under85_FT_Back,Odd_Under85_FT_Lay,Odd_Over85_FT_Back,Odd_Over85_FT_Lay,Odd_BTTS_Yes_Back,Odd_BTTS_Yes_Lay,Odd_BTTS_No_Back,Odd_BTTS_No_Lay,Odd_CS_0x0_Back,Odd_CS_0x0_Lay,Odd_CS_0x1_Back,Odd_CS_0x1_Lay,Odd_CS_0x2_Back,Odd_CS_0x2_Lay,Odd_CS_0x3_Back,Odd_CS_0x3_Lay,Odd_CS_1x0_Back,Odd_CS_1x0_Lay,Odd_CS_1x1_Back,Odd_CS_1x1_Lay,Odd_CS_1x2_Back,Odd_CS_1x2_Lay,Odd_CS_1x3_Back,Odd_CS_1x3_Lay,Odd_CS_2x0_Back,Odd_CS_2x0_Lay,Odd_CS_2x1_Back,Odd_CS_2x1_Lay,Odd_CS_2x2_Back,Odd_CS_2x2_Lay,Odd_CS_2x3_Back,Odd_CS_2x3_Lay,Odd_CS_3x0_Back,Odd_CS_3x0_Lay,Odd_CS_3x1_Back,Odd_CS_3x1_Lay,Odd_CS_3x2_Back,Odd_CS_3x2_Lay,Odd_CS_3x3_Back,Odd_CS_3x3_Lay,Odd_CS_Goleada_H_Back,Odd_CS_Goleada_H_Lay,Odd_CS_Goleada_A_Back,Odd_CS_Goleada_A_Lay,Odd_CS_Goleada_D_Back,Odd_CS_Goleada_D_Lay,ID_Evento,ID_Home,ID_Away,ID_Draw,IDMercado_Match_Odds,IDMercado_First_Half_Goals_05,IDMercado_First_Half_Goals_15,IDMercado_First_Half_Goals_25,IDMercado_Over/Under_05_Goals,IDMercado_Over/Under_15_Goals,IDMercado_Over/Under_25_Goals,IDMercado_Over/Under_35_Goals,IDMercado_Over/Under_45_Goals,IDMercado_Over/Under_55_Goals,IDMercado_Over/Under_65_Goals,IDMercado_Over/Under_75_Goals,IDMercado_Over/Under_85_Goals,IDMercado_Both_teams_to_Score,IDMercado_Correct_Score
Mexican Liga MX,2024-01-29,00:00:00,Queretaro,Tigres,4.3,4.6,2.0,2.06,3.5,3.7,3.0,3.2,1.46,1.5,1.39,1.48,3.1,3.6,1.09,1.12,9.2,12.5,3.25,13.5,1.08,1.12,3.25,3.7,1.37,1.45,1.77,1.85,2.16,2.3,1.29,1.34,3.95,4.5,1.09,1.34,3.95,12.5,1.03,1.06,3.95,55.0,1.01,1.02,7.6,1000.0,1.01,1.02,7.6,980.0,1.01,1.02,7.6,1000.0,1.92,2.04,1.96,2.08,10.5,12.5,7.0,8.6,10.5,12.0,19.0,23.0,12.5,14.5,7.0,8.2,9.2,11.0,19.0,23.0,21.0,30.0,15.0,18.5,17.0,21.0,29.0,980.0,11.5,980.0,11.0,980.0,11.5,980.0,12.0,980.0,11.0,980.0,7.6,17.0,13.0,1000.0,32949828,328926.0,328916.0,58805.0,1.223725364,1.223725367,1.223725369,1.223725362,1.223725368,1.223725412,1.223725409,1.223725413,1.223725410,1.223725372,1.223725370,1.223725363,1.223725361,1.223725448,1.223725373
Portuguese U23,2024-01-29,08:00:00,Santa Clara U23,Sporting Braga U23,2.84,3.5,2.18,2.62,3.4,4.3,1.01,3.75,1.36,1.5,1.44,1000.0,1.01,1000.0,1.12,1.17,1.01,9.4,3.75,21.0,1.05,1.09,1.97,4.9,1.26,1.36,1.97,2.32,1.76,2.04,1.37,1.52,2.94,5.8,1.12,1.52,2.94,11.0,1.04,1.52,2.94,36.0,1.01,1.52,2.94,1000.0,1.01,1.52,2.94,1000.0,1.01,1.52,2.94,1000.0,1.64,1.88,2.12,2.58,10.0,980.0,4.4,980.0,4.8,980.0,5.6,980.0,4.6,980.0,3.9,980.0,4.4,980.0,5.3,980.0,5.2,980.0,4.6,980.0,5.0,980.0,5.7,980.0,6.0,980.0,5.6,980.0,5.8,980.0,6.2,980.0,5.5,980.0,4.9,980.0,6.6,1000.0,32962423,59915959.0,20182405.0,58805.0,1.223918711,1.223918714,1.223918716,1.223918709,1.223918715,1.223918759,1.223918756,1.223918760,1.223918757,1.223918719,1.223918717,1.223918710,1.223918708,1.223918795,1.223918720
AFC Asian Cup,2024-01-29,08:30:00,Iraq,Jordan,2.26,2.4,3.6,4.0,3.2,3.25,2.44,3.1,1.47,1.7,1.33,1.44,3.25,4.1,1.06,1.11,10.5,18.0,2.58,9.4,1.12,1.64,2.58,3.05,1.49,1.64,1.65,1.67,2.5,2.54,1.16,1.67,2.5,8.2,1.05,1.11,10.0,26.0,1.01,1.05,10.5,1000.0,1.01,1.02,11.0,1000.0,1.01,1.01,11.0,1000.0,1.01,1.01,11.0,1000.0,2.0,2.22,1.82,2.0,7.8,9.4,9.0,12.0,18.5,29.0,6.2,90.0,6.6,8.8,5.8,7.8,12.5,19.5,6.2,70.0,10.5,15.0,9.2,13.0,17.0,27.0,6.2,95.0,5.9,34.0,6.0,36.0,6.0,65.0,6.6,210.0,5.6,32.0,6.2,90.0,6.8,1000.0,32968651,53446.0,866340.0,58805.0,1.224006547,1.224006550,1.224006552,1.224006545,1.224006551,1.224006595,1.224006592,1.224006596,1.224006593,1.224006555,1.224006553,1.224006546,1.224006544,1.224006631,1.224006556
Friendly Matches,2024-01-29,09:00:00,Silkeborg,Viborg,1.41,2.56,3.35,3.9,3.0,28.0,1.01,1000.0,1.01,1000.0,1.02,1000.0,1.01,1000.0,1.01,1000.0,1.01,1000.0,1.08,26.0,1.04,18.0,1.08,26.0,1.17,18.0,1.08,26.0,1.17,18.0,1.08,26.0,1.17,21.0,1.05,1.25,5.0,55.0,1.03,1.25,5.0,110.0,1.01,1.25,5.0,1000.0,1.01,1.25,5.0,1000.0,1.01,1.25,5.0,1000.0,1.01,1000.0,1.01,1000.0,1.49,1000.0,1.01,1000.0,1.01,1000.0,1.01,1000.0,1.01,1000.0,1.01,1000.0,1.01,1000.0,1.01,1000.0,1.01,1000.0,2.88,1000.0,1.01,1000.0,1.01,1000.0,1.01,1000.0,1.01,1000.0,1.01,1000.0,22.0,1000.0,1.01,1000.0,1.55,1000.0,1.01,1000.0,32975377,28216.0,10780.0,58805.0,1.224111568,1.224111571,1.224111573,1.224111566,1.224111572,1.224111616,1.224111613,1.224111617,1.224111614,1.224111576,1.224111574,1.224111567,1.224111565,1.224111652,1.224111577
Egyptian 2nd Division,2024-01-29,09:30:00,Abo Qair Semads,Raya Sporting FC,1.04,1000.0,1.04,1000.0,2.26,7.0,1.01,2.96,1.01,1.78,1.02,1000.0,1.01,1000.0,1.05,1.1,1.01,1000.0,1.26,1000.0,1.01,5.2,1.26,990.0,1.01,5.2,1.26,990.0,1.01,5.2,1.13,1000.0,1.01,8.8,1.05,1000.0,1.01,55.0,1.02,1000.0,1.01,110.0,1.01,1000.0,1.01,1000.0,1.01,110.0,1.01,1000.0,1.01,18.0,1.06,1000.0,1.01,1000.0,1.01,1000.0,2.08,980.0,1.07,980.0,1.07,1000.0,1.07,1000.0,1.07,980.0,1.07,980.0,1.07,980.0,1.07,1000.0,1.03,980.0,1.07,980.0,1.07,1000.0,1.07,1000.0,1.07,1000.0,1.07,1000.0,1.07,1000.0,1.14,1000.0,1.55,1000.0,1.55,1000.0,1.07,1000.0,32975133,15036107.0,60997370.0,58805.0,1.224107809,1.224107812,1.224107814,1.224107807,1.224107813,1.224107857,1.224107854,1.224107858,1.224107855,1.224107817,1.224107815,1.224107808,1.224107806,1.224107893,1.224107818
Egyptian 2nd Division,2024-01-29,09:30:00,Aswan FC,Proxy Work Club,2.12,2.48,3.35,4.3,3.1,4.4,1.01,1000.0,1.01,1000.0,1.13,1.67,1.01,1000.0,1.01,1000.0,1.01,1000.0,1.32,1000.0,1.01,4.3,1.32,110.0,1.06,4.3,1.32,1000.0,1.01,4.3,1.2,1000.0,1.01,6.0,1.07,110.0,1.01,18.0,1.01,110.0,1.01,110.0,1.01,110.0,1.01,1000.0,1.01,110.0,3.85,1000.0,1.01,1.36,3.85,1000.0,1.01,1000.0,1.01,1000.0,2.08,980.0,1.52,980.0,1.24,1000.0,1.16,1000.0,1.99,980.0,1.92,980.0,1.26,980.0,1.16,1000.0,1.53,980.0,1.71,980.0,1.24,1000.0,1.16,1000.0,1.24,1000.0,1.24,1000.0,1.16,1000.0,1.24,1000.0,1.55,1000.0,1.55,1000.0,1.16,1000.0,32975136,10438158.0,49298095.0,58805.0,1.224107703,1.224107706,1.224107708,1.224107701,1.224107707,1.224107751,1.224107748,1.224107752,1.224107749,1.224107711,1.224107709,1.224107702,1.224107700,1.224107787,1.224107712
Egyptian 2nd Division,2024-01-29,09:30:00,Ghazl El Mahallah,Dekernes,1.72,1000.0,1.39,1000.0,2.52,7.0,1.01,1000.0,1.01,1000.0,1.02,1000.0,1.01,1000.0,1.01,1000.0,1.01,1000.0,1.2,1000.0,1.01,6.0,1.2,110.0,1.01,6.0,1.2,1000.0,1.01,6.0,1.11,1000.0,1.01,10.5,1.04,110.0,1.01,55.0,1.02,110.0,1.01,110.0,1.01,110.0,1.01,1000.0,1.01,110.0,1.02,1000.0,1.01,55.0,1.02,1000.0,1.01,1000.0,1.01,1000.0,6.4,980.0,1.05,980.0,1.05,1000.0,1.05,1000.0,1.05,980.0,1.05,1000.0,1.12,1000.0,1.12,1000.0,1.12,980.0,1.05,980.0,1.12,1000.0,1.12,1000.0,1.05,1000.0,1.08,980.0,1.12,1000.0,1.23,1000.0,1.55,1000.0,1.55,1000.0,1.05,1000.0,32975137,10562474.0,10539521.0,58805.0,1.224107597,1.224107600,1.224107602,1.224107595,1.224107601,1.224107645,1.224107642,1.224107646,1.224107643,1.224107605,1.224107603,1.224107596,1.224107594,1.224107681,1.224107606
Egyptian 2nd Division,2024-01-29,09:30:00,Haras El Hodood,Gomhoryet Shebin,1.5,1.61,8.2,11.0,3.6,4.2,1.01,2.72,1.01,1.73,1.02,1000.0,1.01,1000.0,1.06,1.09,1.01,1000.0,1.27,1000.0,1.01,4.9,1.27,990.0,1.01,4.9,1.27,990.0,1.01,4.9,1.17,1.67,2.5,7.8,1.05,1.11,10.0,26.0,1.02,1.04,10.0,1000.0,1.01,1.12,10.0,1000.0,1.01,1.02,10.0,1000.0,1.01,1.07,10.0,1000.0,1.01,1000.0,1.27,1.87,7.6,980.0,2.34,980.0,2.4,1000.0,2.92,1000.0,3.7,980.0,1.75,980.0,1.23,1000.0,6.0,1000.0,2.52,980.0,1.43,980.0,8.0,1000.0,9.8,1000.0,1.62,980.0,7.2,980.0,9.0,1000.0,1.23,1000.0,1.55,980.0,1.55,1000.0,10.5,1000.0,32975126,5168506.0,10539811.0,58805.0,1.224108366,1.224108369,1.224108371,1.224108364,1.224108370,1.224108414,1.224108411,1.224108415,1.224108412,1.224108374,1.224108372,1.224108365,1.224108363,1.224108450,1.224108375
Egyptian 2nd Division,2024-01-29,09:30:00,Misr El Makasa,Tanta,4.0,4.9,1.94,2.2,2.96,4.3,1.01,3.25,1.21,1.56,1.15,1.64,2.58,110.0,1.01,1.12,1.01,1000.0,1.31,1000.0,1.01,1.65,1.31,990.0,1.16,1.65,1.31,990.0,1.16,4.4,1.26,1.33,4.0,6.0,1.07,1.14,8.6,15.5,1.02,1.06,8.6,110.0,1.01,1.02,8.6,1000.0,1.01,1.13,8.6,1000.0,1.01,1.13,8.8,1000.0,1.01,1000.0,1.01,1000.0,5.4,980.0,1.88,980.0,1.23,980.0,3.65,980.0,1.23,980.0,2.1,980.0,1.35,980.0,6.8,980.0,3.9,1000.0,3.3,980.0,6.2,980.0,8.0,1000.0,4.2,1000.0,8.8,1000.0,9.2,1000.0,9.8,1000.0,1.55,1000.0,1.55,980.0,9.6,1000.0,32975127,5905941.0,10468572.0,58805.0,1.224108186,1.224108189,1.224108191,1.224108184,1.224108190,1.224108234,1.224108231,1.224108235,1.224108232,1.224108194,1.224108192,1.224108185,1.224108183,1.224108270,1.224108195
Egyptian 2nd Division,2024-01-29,09:30:00,Telecom Egypt SC,Nogoom El Mostakbal,1.04,1000.0,1.04,1000.0,2.52,950.0,1.01,1000.0,1.01,1000.0,1.02,1000.0,1.01,1000.0,1.01,1000.0,1.01,1000.0,1.29,1000.0,1.01,4.6,1.29,110.0,1.01,4.6,1.29,1000.0,1.01,4.6,1.15,1000.0,1.01,7.8,1.04,1.13,9.0,26.0,1.01,1.13,9.0,110.0,1.01,1.13,9.0,1000.0,1.01,1.13,9.0,1000.0,1.01,1.13,9.0,1000.0,1.01,1000.0,1.01,1000.0,1.01,980.0,1.02,1000.0,1.01,1000.0,1.02,1000.0,2.94,980.0,3.25,980.0,1.02,1000.0,1.01,1000.0,1.01,980.0,1.01,980.0,4.4,1000.0,1.01,1000.0,4.2,1000.0,1.02,1000.0,1.01,1000.0,1.03,1000.0,1.55,1000.0,1.55,1000.0,1.01,1000.0,32975129,41159281.0,14889843.0,58805.0,1.224108096,1.224108099,1.224108101,1.224108094,1.224108100,1.224108144,1.224108141,1.224108145,1.224108142,1.224108104,1.224108102,1.224108095,1.224108093,1.224108180,1.224108105
Egyptian 2nd Division,2024-01-29,09:30:00,La Viena FC,Wadi Degla,1.04,4.8,1.04,8.2,2.26,950.0,1.88,1000.0,1.26,1000.0,1.02,1000.0,1.01,1000.0,1.01,1000.0,1.01,1000.0,1.24,1000.0,1.01,1.95,1.24,980.0,1.2,1.95,1.24,2.08,1.93,6.0,1.14,2.08,1.93,8.2,1.03,1.12,10.0,36.0,1.01,1.12,1.93,110.0,1.01,1.12,10.0,1000.0,1.01,1.11,10.0,1000.0,1.01,1.02,10.5,1000.0,1.59,1000.0,1.43,2.7,7.2,980.0,1.15,980.0,1.03,1000.0,1.03,1000.0,1.15,980.0,1.15,980.0,1.08,980.0,1.03,1000.0,1.08,980.0,1.15,980.0,1.03,1000.0,1.03,1000.0,1.03,1000.0,1.03,1000.0,1.03,1000.0,1.15,1000.0,1.55,1000.0,1.55,1000.0,1.08,1000.0,32975128,38387037.0,5259318.0,58805.0,1.224108276,1.224108279,1.224108281,1.224108274,1.224108280,1.224108324,1.224108321,1.224108325,1.224108322,1.224108284,1.224108282,1.224108275,1.224108273,1.224108360,1.224108285
Egyptian 2nd Division,2024-01-29,09:30:00,Asyut Petroleum,El Seka Elhadeed,1.04,6.0,1.04,4.0,2.26,950.0,1.01,2.56,1.01,1.8,1.02,1000.0,1.01,1000.0,1.05,1.08,1.01,1000.0,1.98,1000.0,1.01,2.04,1.98,980.0,1.33,2.04,1.22,1.75,1.33,6.0,1.12,1.75,1.33,9.4,1.04,1.75,1.33,36.0,1.02,1.75,1.33,110.0,1.01,1.75,1.33,1000.0,1.01,1.75,1.33,1000.0,1.01,1.75,2.34,1000.0,1.83,1000.0,1.41,2.22,1.06,980.0,1.06,980.0,1.06,980.0,3.6,1000.0,1.06,980.0,1.06,980.0,1.06,980.0,7.4,1000.0,1.01,980.0,3.8,1000.0,1.06,1000.0,16.5,1000.0,4.2,1000.0,5.1,1000.0,8.8,1000.0,1.24,1000.0,1.55,1000.0,1.55,1000.0,3.3,1000.0,32975131,5174055.0,37031581.0,58805.0,1.224108005,1.224108008,1.224108010,1.224108003,1.224108009,1.224108053,1.224108050,1.224108054,1.224108051,1.224108013,1.224108011,1.224108004,1.224108002,1.224108089,1.224108014
Egyptian 2nd Division,2024-01-29,09:30:00,Olympic El Qanal,Nasr Taaden,1.38,1.49,1.04,1000.0,3.7,1000.0,1.01,3.2,1.01,1.62,1.02,1000.0,1.01,1000.0,1.01,1.11,1.01,1000.0,1.29,1000.0,1.01,4.6,1.29,990.0,1.01,4.6,1.29,990.0,1.01,4.6,1.16,1000.0,1.01,7.4,1.05,1000.0,1.01,21.0,1.02,980.0,1.01,110.0,1.01,1000.0,1.01,1000.0,1.01,110.0,1.01,1000.0,1.01,55.0,1.02,1000.0,1.01,1000.0,1.01,1000.0,1.47,1000.0,4.2,1000.0,4.2,1000.0,4.7,1000.0,1.03,980.0,1.22,1000.0,4.4,1000.0,4.3,1000.0,1.22,980.0,1.22,1000.0,5.6,1000.0,8.6,1000.0,2.96,1000.0,6.8,1000.0,7.8,1000.0,9.4,1000.0,1.55,1000.0,4.2,1000.0,1.46,1000.0,32975132,10492952.0,14739188.0,58805.0,1.224107915,1.224107918,1.224107920,1.224107913,1.224107919,1.224107963,1.224107960,1.224107964,1.224107961,1.224107923,1.224107921,1.224107914,1.224107912,1.224107999,1.224107924
Greek Super League 2,2024-01-29,11:00:00,AEK Athens B,Levadiakos,1.09,1000.0,1.09,1000.0,1.09,120.0,1.01,1000.0,1.01,1000.0,1.25,1.42,3.4,5.0,1.01,1000.0,1.01,1000.0,1.02,990.0,1.11,1000.0,1.02,1000.0,1.01,1000.0,1.06,990.0,1.01,4.6,1.17,980.0,1.01,1000.0,1.05,1000.0,1.01,1000.0,1.01,1.04,1.01,1000.0,1.01,1000.0,1.01,1000.0,1.01,1000.0,1.01,1000.0,1.01,1000.0,1.01,1000.0,1.01,1000.0,1.01,1000.0,1.01,1000.0,1.01,1000.0,1.01,1000.0,1.01,1000.0,1.01,1000.0,1.01,1000.0,1.01,1000.0,1.01,1000.0,1.01,1000.0,1.01,1000.0,1.01,1000.0,6.6,1000.0,1.01,1000.0,1.01,1000.0,8.2,1000.0,7.2,1000.0,1.01,1000.0,1.01,1000.0,1.01,1000.0,32957989,40707366.0,531200.0,58805.0,1.223852983,1.223852986,1.223852988,1.223852981,1.223852987,1.223853031,1.223853028,1.223853032,1.223853029,1.223852991,1.223852989,1.223852982,1.223852980,1.223853067,1.223852992
Friendly Matches,2024-01-29,11:30:00,Bodo Glimt,Sparta Prague,3.4,3.7,2.02,2.2,3.75,4.8,1.01,1000.0,1.01,1000.0,1.02,1000.0,1.01,1000.0,1.01,1000.0,1.01,1000.0,3.0,1000.0,1.01,1.04,3.0,1000.0,1.01,1.5,3.0,3.3,1.44,1.5,1.9,2.1,1.91,2.1,1.25,2.1,1.91,5.0,1.13,2.1,1.91,11.0,1.05,1.1,3.05,36.0,1.01,1.1,5.5,1000.0,1.01,1.1,5.5,1000.0,1.01,1.67,2.48,1000.0,24.0,32.0,13.5,19.5,13.5,19.5,21.0,980.0,20.0,32.0,9.0,980.0,9.4,12.5,15.5,19.0,26.0,40.0,13.5,18.0,13.0,16.5,20.0,27.0,5.8,80.0,25.0,38.0,26.0,38.0,5.6,55.0,13.0,19.5,6.6,9.6,6.2,1000.0,32975111,373549.0,110475.0,58805.0,1.224107251,1.224107254,1.224107256,1.224107249,1.224107255,1.224107299,1.224107296,1.224107300,1.224107297,1.224107259,1.224107257,1.224107250,1.224107248,1.224107335,1.224107260
Kuwaiti Emir Cup,2024-01-29,11:50:00,Al Jahra,Al Tadhamon,1.05,1000.0,1.05,1000.0,1.02,950.0,1.01,1000.0,1.01,1000.0,1.02,1000.0,1.01,1000.0,1.01,1000.0,1.01,1000.0,1.08,36.0,1.05,1.07,1.08,110.0,1.05,18.0,1.08,110.0,1.05,18.0,1.08,110.0,1.05,21.0,1.05,110.0,1.05,55.0,1.03,110.0,1.05,1000.0,1.01,110.0,1.05,1000.0,1.01,110.0,1.05,1000.0,1.01,110.0,1.05,1000.0,1.01,1000.0,1.01,1000.0,1.44,1000.0,2.58,1000.0,2.76,1000.0,4.2,1000.0,2.76,1000.0,3.5,1000.0,3.65,1000.0,6.8,1000.0,3.85,1000.0,3.15,1000.0,8.0,1000.0,11.0,1000.0,2.96,1000.0,5.8,1000.0,8.4,1000.0,12.5,1000.0,1.01,1000.0,1.01,1000.0,1.03,1000.0,32975468,6213910.0,9293251.0,58805.0,1.224128373,1.224128376,1.224128378,1.224128371,1.224128377,1.224128421,1.224128418,1.224128422,1.224128419,1.224128381,1.224128379,1.224128372,1.224128370,1.224128457,1.224128382
Portuguese U23,2024-01-29,12:00:00,Portimonense SC U23,Rio Ave FC U23,1.98,2.2,3.65,4.2,3.5,4.1,1.01,3.55,1.16,1.48,1.45,1.56,2.34,55.0,1.01,1.15,1.01,1000.0,3.75,1000.0,1.05,1.1,3.75,4.4,1.29,1.36,1.95,2.16,1.87,2.06,1.36,1.45,3.25,3.75,1.12,1.45,3.25,12.5,1.04,1.09,3.25,55.0,1.01,1.09,3.25,1000.0,1.01,1.09,3.25,1000.0,1.01,1.09,3.3,1000.0,1.76,1.93,2.06,2.32,6.4,980.0,3.05,980.0,2.1,980.0,4.3,1000.0,5.1,980.0,4.6,980.0,2.78,980.0,8.2,980.0,5.8,980.0,5.3,980.0,2.76,980.0,9.2,980.0,2.76,980.0,3.45,980.0,2.76,980.0,9.4,1000.0,2.34,980.0,1.98,980.0,9.8,1000.0,32962438,20182453.0,20182438.0,58805.0,1.223918801,1.223918804,1.223918806,1.223918799,1.223918805,1.223918849,1.223918846,1.223918850,1.223918847,1.223918809,1.223918807,1.223918800,1.223918798,1.223918885,1.223918810
Portuguese Segunda Liga,2024-01-29,13:00:00,Benfica B,Leiria,2.4,2.7,3.0,3.45,3.2,3.7,2.98,3.1,1.48,1.51,1.37,1.46,3.15,3.75,1.09,1.12,1.01,13.5,9.2,15.5,1.07,1.12,3.15,3.7,1.37,1.46,1.74,1.92,2.08,2.36,1.28,1.36,3.85,4.6,1.08,1.14,8.2,13.5,1.03,1.06,8.2,55.0,1.01,1.02,8.2,1000.0,1.01,1.02,8.2,1000.0,1.01,1.02,8.4,1000.0,1.84,2.04,1.97,2.2,10.0,12.0,9.8,12.0,17.5,980.0,8.2,980.0,8.4,10.5,6.6,8.0,12.0,980.0,7.8,980.0,13.0,16.5,10.5,980.0,7.0,980.0,8.2,980.0,7.8,980.0,7.4,980.0,8.0,980.0,9.0,980.0,7.0,980.0,7.8,980.0,9.6,1000.0,32960911,6563318.0,191603.0,58805.0,1.223902126,1.223902129,1.223902131,1.223902124,1.223902130,1.223902174,1.223902171,1.223902175,1.223902172,1.223902134,1.223902132,1.223902125,1.223902123,1.223902210,1.223902135
AFC Asian Cup,2024-01-29,13:00:00,Qatar,Palestine,1.53,1.57,8.0,8.8,4.2,4.5,2.68,3.3,1.44,1.6,1.4,1.54,2.84,3.5,1.09,1.14,8.0,12.5,11.5,13.5,1.08,1.09,3.1,3.8,1.36,1.48,1.88,1.89,2.12,2.14,1.28,1.39,3.55,4.6,1.09,1.25,5.0,13.5,1.03,1.25,5.0,55.0,1.01,1.25,5.0,1000.0,1.01,1.25,5.0,1000.0,1.01,1.25,5.0,1000.0,2.2,2.48,1.68,1.84,11.5,13.5,19.5,23.0,11.5,70.0,13.0,310.0,6.0,7.0,9.0,9.8,28.0,34.0,12.0,170.0,7.4,8.2,8.8,10.0,26.0,38.0,12.0,150.0,12.0,13.5,16.5,19.0,26.0,46.0,12.5,210.0,8.4,10.5,14.0,250.0,13.5,1000.0,32968635,53447.0,920036.0,58805.0,1.224001963,1.224001966,1.224001968,1.224001961,1.224001967,1.224001977,1.224001973,1.224001919,1.224001974,1.224001971,1.224001969,1.224001959,1.224001960,1.224001962,1.224001972
Italian Serie A (W),2024-01-29,14:00:00,Juventus FC (W),SSD Fiorentina WFC (W),1.36,1.47,7.4,10.0,5.0,7.0,1.01,4.8,1.01,1.36,1.02,1000.0,1.01,1000.0,1.01,1.26,1.01,6.4,2.58,1000.0,1.01,1.06,2.58,1000.0,1.01,1.63,2.58,3.2,1.46,1.63,1.64,1.88,2.14,2.56,1.27,1.38,3.65,4.8,1.03,1.38,3.65,1000.0,1.03,1.09,3.65,1000.0,1.01,1.09,3.7,1000.0,1.01,1.09,5.7,1000.0,1.71,1.97,2.02,2.42,3.75,980.0,4.2,980.0,4.2,1000.0,4.2,1000.0,4.4,980.0,4.6,980.0,4.3,980.0,4.2,1000.0,4.2,980.0,4.2,980.0,4.6,980.0,4.2,1000.0,4.5,980.0,4.6,980.0,2.96,980.0,4.2,1000.0,2.88,980.0,4.2,1000.0,1.45,1000.0,32960816,22099611.0,22170489.0,58805.0,1.223902731,1.223902734,1.223902736,1.223902729,1.223902735,1.223902779,1.223902776,1.223902780,1.223902777,1.223902739,1.223902737,1.223902730,1.223902728,1.223902815,1.223902740
Africa Cup of Nations,2024-01-29,14:00:00,Cape Verde,Mauritania,1.95,1.98,5.7,5.9,3.1,3.2,2.34,2.64,1.61,1.74,1.27,1.34,4.0,4.7,1.06,1.08,1.01,17.5,6.6,7.8,1.15,1.17,2.52,2.64,1.61,1.66,1.49,1.52,2.92,3.05,1.15,1.19,5.6,7.8,1.05,1.07,14.0,21.0,1.01,1.03,24.0,110.0,1.01,1.01,26.0,1000.0,1.01,1.01,55.0,1000.0,1.01,1.01,55.0,1000.0,2.5,2.56,1.64,1.67,7.0,7.6,12.0,13.0,34.0,40.0,46.0,180.0,5.6,5.9,7.0,7.6,23.0,25.0,40.0,980.0,9.0,9.8,11.0,12.0,27.0,32.0,46.0,160.0,20.0,22.0,26.0,30.0,36.0,75.0,26.0,980.0,22.0,26.0,18.0,220.0,20.0,1000.0,32964492,262717.0,3388438.0,58805.0,1.223952358,1.223952362,1.223952364,1.223952355,1.223952363,1.223952345,1.223952342,1.223952406,1.223952343,1.223952366,1.223952365,1.223952356,1.223952354,1.223952357,1.223952367
Elite Friendlies,2024-01-29,15:00:00,Al-Hilal,Inter Miami CF,1.35,1000.0,3.0,1000.0,2.06,1000.0,2.72,110.0,1.23,1.58,1.01,1000.0,1.01,1000.0,1.01,1000.0,1.01,1000.0,1.01,1000.0,1.01,1000.0,3.9,110.0,1.01,1.34,1.27,980.0,1.01,4.6,1.2,1000.0,1.01,6.0,1.31,1.43,3.3,4.3,1.09,1000.0,1.01,12.5,1.02,1000.0,1.01,1000.0,1.01,1000.0,1.01,1000.0,1.01,1000.0,1.01,1000.0,1.01,1.74,2.34,1000.0,1.01,1000.0,1.01,1000.0,1.01,1000.0,1.01,1000.0,1.01,1000.0,1.01,1000.0,1.01,1000.0,1.01,1000.0,1.01,1000.0,1.01,1000.0,1.01,1000.0,1.01,1000.0,1.01,1000.0,1.01,1000.0,1.01,1000.0,1.01,1000.0,1.55,1000.0,1.55,1000.0,1.01,1000.0,32961092,3725113.0,27785243.0,58805.0,1.223902987,1.223902990,1.223902992,1.223902985,1.223902991,1.223903001,1.223902997,1.223902943,1.223902998,1.223902995,1.223902993,1.223902983,1.223902984,1.223902986,1.223902996
Portuguese Segunda Liga,2024-01-29,15:00:00,Penafiel,Feirense,2.04,2.48,3.6,4.9,2.98,3.8,2.7,2.8,1.56,1.59,1.29,1.43,3.35,4.7,1.07,1.1,10.0,18.0,8.0,12.5,1.09,1.15,2.54,3.3,1.44,1.65,1.57,1.8,2.26,2.76,1.16,1.8,2.26,7.8,1.05,1.12,9.6,21.0,1.01,1.05,9.6,110.0,1.01,1.02,9.6,1000.0,1.01,1.02,9.6,1000.0,1.01,1.01,9.8,1000.0,2.0,2.34,1.75,2.0,7.6,980.0,9.6,980.0,21.0,980.0,4.9,980.0,6.2,980.0,6.0,980.0,4.1,980.0,4.8,980.0,9.6,980.0,9.0,980.0,18.0,980.0,4.9,980.0,21.0,980.0,21.0,980.0,4.8,980.0,5.0,1000.0,4.4,980.0,4.9,980.0,5.1,1000.0,32960916,505984.0,505957.0,58805.0,1.223902036,1.223902039,1.223902041,1.223902034,1.223902040,1.223902084,1.223902081,1.223902085,1.223902082,1.223902044,1.223902042,1.223902035,1.223902033,1.223902120,1.223902045
Portuguese Primeira Liga,2024-01-29,15:45:00,Club Football Estrela,Benfica,11.5,14.5,1.27,1.28,6.8,7.4,3.65,5.1,1.25,1.38,1.57,1.88,2.28,2.74,1.16,1.26,4.9,7.0,21.0,36.0,1.03,1.04,2.34,7.8,1.15,1.74,2.34,2.7,1.59,1.74,1.61,1.75,2.32,2.64,1.22,1.32,4.1,5.5,1.08,1.32,4.1,15.5,1.02,1.06,4.1,110.0,1.01,1.06,7.6,1000.0,1.01,1.06,7.6,1000.0,2.14,2.48,1.67,1.88,19.5,29.0,7.6,10.5,6.6,9.4,7.6,11.0,5.6,48.0,12.0,18.0,8.4,12.5,11.5,16.0,6.0,150.0,5.6,55.0,5.5,42.0,5.5,44.0,6.2,590.0,6.0,240.0,6.0,180.0,6.0,220.0,6.0,310.0,2.74,4.9,6.2,1000.0,32957852,36362918.0,48783.0,58805.0,1.223846539,1.223846542,1.223846544,1.223846537,1.223846543,1.223846553,1.223846549,1.223846495,1.223846550,1.223846547,1.223846545,1.223846535,1.223846536,1.223846538,1.223846548
Dutch Eerste Divisie,2024-01-29,16:00:00,Jong Ajax Amsterdam,FC Dordrecht,2.28,2.66,2.44,2.94,4.2,4.8,4.3,5.4,1.23,1.29,1.79,2.0,2.0,2.26,1.01,1000.0,1.01,1000.0,1.01,55.0,1.02,1.04,2.92,55.0,1.1,1.52,2.92,3.5,1.4,1.52,1.83,2.08,1.93,2.22,1.34,1.47,3.1,3.9,1.13,1.47,3.1,9.4,1.05,1.08,13.5,36.0,1.01,1.04,13.5,1000.0,1.01,1.03,13.5,1000.0,1.46,1.55,2.82,3.2,5.9,980.0,17.0,980.0,19.0,980.0,6.0,980.0,4.7,980.0,4.8,14.5,4.9,16.0,5.7,980.0,17.5,980.0,11.0,15.0,5.0,980.0,3.5,980.0,6.0,980.0,4.8,980.0,19.0,980.0,26.0,980.0,2.96,11.0,3.65,980.0,2.22,980.0,32961027,10698710.0,11434104.0,58805.0,1.223902338,1.223902341,1.223902343,1.223902336,1.223902342,1.223902386,1.223902383,1.223902387,1.223902384,1.223902346,1.223902344,1.223902337,1.223902335,1.223902422,1.223902347
Dutch Eerste Divisie,2024-01-29,16:00:00,Jong PSV Eindhoven,Willem II,5.5,5.8,1.62,1.66,4.5,4.9,3.6,5.0,1.25,1.39,1.58,1.9,2.14,2.7,1.17,1.26,4.8,7.0,15.0,36.0,1.03,1.06,2.44,36.0,1.13,1.69,2.44,3.0,1.5,1.69,1.6,1.82,2.22,2.68,1.24,1.36,3.8,5.1,1.08,1.36,3.8,15.5,1.03,1.06,19.5,110.0,1.01,1.03,19.5,1000.0,1.01,1.02,19.5,1000.0,1.64,1.79,2.28,2.58,18.5,28.0,10.0,14.5,9.6,14.0,12.5,18.5,19.0,980.0,9.2,13.5,8.2,12.5,12.0,18.5,5.2,50.0,16.0,25.0,14.0,21.0,19.5,29.0,5.5,980.0,5.3,980.0,5.3,60.0,5.4,980.0,5.1,48.0,3.2,7.2,5.7,980.0,32961028,7976153.0,48455.0,58805.0,1.223902248,1.223902251,1.223902253,1.223902246,1.223902252,1.223902296,1.223902293,1.223902297,1.223902294,1.223902256,1.223902254,1.223902247,1.223902245,1.223902332,1.223902257
Belgian Reserves,2024-01-29,16:00:00,Patro Maasmechelen U21,FCV Dender EH U21,1.01,1000.0,1.01,1000.0,1.01,1000.0,1.01,1000.0,1.01,1000.0,1.01,1000.0,1.01,1000.0,1.01,1000.0,1.01,1000.0,1.08,1000.0,1.01,1.12,1.08,110.0,1.01,15.5,1.08,110.0,1.01,15.5,1.08,110.0,1.01,15.5,1.05,1000.0,1.01,26.0,1.01,1000.0,1.01,110.0,1.01,1000.0,1.01,1000.0,1.01,110.0,1.01,1000.0,1.01,110.0,1.01,1000.0,1.01,1000.0,1.01,1000.0,1.49,1000.0,2.7,1000.0,2.56,1000.0,3.4,1000.0,2.64,1000.0,3.15,1000.0,4.7,1000.0,8.8,1000.0,2.76,1000.0,4.0,1000.0,8.4,1000.0,9.8,1000.0,2.88,1000.0,6.6,1000.0,6.2,1000.0,8.0,1000.0,1.01,1000.0,1.01,1000.0,1.01,1000.0,32975582,10414463.0,11723761.0,58805.0,1.224116082,1.224116085,1.224116087,1.224116080,1.224116086,1.224116130,1.224116127,1.224116131,1.224116128,1.224116090,1.224116088,1.224116081,1.224116079,1.224116166,1.224116091
English Premier League 2 - Div 1,2024-01-29,16:00:00,Leeds United U21,Sunderland U21,2.14,2.8,2.32,3.05,4.0,9.8,1.01,1000.0,1.01,1000.0,1.01,1000.0,1.01,1000.0,1.01,1000.0,1.01,1000.0,1.2,110.0,1.01,1.04,1.2,110.0,1.04,6.0,3.25,990.0,1.07,1.45,1.2,1000.0,1.04,6.0,1.2,1.63,2.6,6.0,1.15,1.63,2.6,8.2,1.05,110.0,1.04,21.0,1.01,26.0,1.29,1000.0,1.01,4.5,1.29,1000.0,1.36,1000.0,1.01,3.75,1.96,50.0,2.36,1000.0,2.28,34.0,2.92,50.0,2.52,30.0,2.04,1000.0,2.04,1000.0,2.04,1000.0,2.7,30.0,1.81,16.0,1.82,17.0,1.9,28.0,3.15,44.0,2.04,1000.0,2.04,1000.0,9.6,1000.0,1.68,9.6,1.72,11.0,2.04,1000.0,32975525,6731074.0,6669730.0,58805.0,1.224116172,1.224116175,1.224116177,1.224116170,1.224116176,1.224116220,1.224116217,1.224116221,1.224116218,1.224116180,1.224116178,1.224116171,1.224116169,1.224116256,1.224116181
English Premier League 2 - Div 1,2024-01-29,16:00:00,Derby U21,Nottingham Forest U21,1.13,110.0,1.14,110.0,1.2,950.0,1.01,1000.0,1.01,1000.0,1.01,1000.0,1.01,1000.0,1.01,1000.0,1.01,1000.0,1.16,55.0,1.02,1.05,1.16,55.0,1.07,8.8,1.16,55.0,1.07,8.8,1.08,55.0,1.07,13.5,1.05,55.0,1.07,21.0,1.03,55.0,1.07,110.0,1.01,55.0,1.07,1000.0,1.01,55.0,1.07,1000.0,1.01,55.0,1.07,1000.0,1.01,1000.0,1.01,1000.0,1.4,1000.0,1.03,1000.0,1.03,1000.0,1.03,1000.0,1.03,1000.0,1.03,1000.0,1.03,1000.0,1.03,1000.0,1.03,1000.0,1.03,1000.0,1.03,1000.0,1.03,1000.0,1.03,1000.0,1.03,1000.0,1.03,1000.0,1.03,1000.0,1.01,1000.0,1.01,1000.0,1.03,1000.0,32976084,6692744.0,6692741.0,58805.0,1.224127874,1.224127877,1.224127879,1.224127872,1.224127878,1.224127922,1.224127919,1.224127923,1.224127920,1.224127882,1.224127880,1.224127873,1.224127871,1.224127958,1.224127883
English Premier League 2 - Div 1,2024-01-29,16:00:00,Leicester U21,Southampton U21,1.26,1000.0,1.27,1000.0,2.06,1000.0,1.01,5.6,1.01,1.65,1.48,1000.0,1.62,1000.0,1.01,1000.0,1.01,1000.0,2.62,55.0,1.02,1.03,1.21,55.0,1.07,1.62,1.21,980.0,1.12,1.62,1.2,1000.0,1.12,6.0,1.2,1.7,1.12,6.0,1.13,1.7,1.12,9.4,1.04,1.7,1.12,26.0,1.01,1.7,2.44,1000.0,1.01,1.7,2.44,1000.0,1.01,1000.0,1.01,1000.0,1.37,1000.0,2.68,1000.0,2.72,1000.0,3.5,1000.0,2.4,1000.0,2.98,1000.0,4.3,1000.0,5.4,1000.0,3.0,1000.0,2.88,1000.0,5.5,1000.0,11.5,1000.0,2.88,1000.0,6.2,1000.0,7.6,1000.0,19.0,1000.0,1.55,1000.0,1.55,1000.0,1.01,1000.0,32975524,6843888.0,6728422.0,58805.0,1.224116262,1.224116265,1.224116267,1.224116260,1.224116266,1.224116310,1.224116307,1.224116311,1.224116308,1.224116270,1.224116268,1.224116261,1.224116259,1.224116346,1.224116271
English Premier League 2 - Div 1,2024-01-29,16:00:00,Everton U21,Man City U21,1.5,1000.0,1.19,1000.0,2.06,1000.0,1.01,6.6,1.18,1.28,1.01,1000.0,1.01,1000.0,1.25,1.39,1.01,5.0,5.1,110.0,1.01,1.04,1.21,110.0,1.04,1.23,1.2,110.0,1.04,6.0,1.2,1000.0,1.04,6.0,1.2,1.91,1.04,6.0,1.15,1.91,1.67,7.8,1.05,1.91,1.67,21.0,1.01,1.91,2.1,1000.0,1.01,1.91,2.1,1000.0,1.01,1000.0,1.01,1000.0,1.39,1000.0,1.01,1000.0,1.01,1000.0,1.01,1000.0,1.01,1000.0,1.01,1000.0,1.01,1000.0,1.01,1000.0,1.01,1000.0,1.01,1000.0,1.01,1000.0,1.01,1000.0,1.01,1000.0,1.01,1000.0,1.01,1000.0,1.01,1000.0,1.55,1000.0,1.55,1000.0,1.01,1000.0,32975523,6689709.0,6584787.0,58805.0,1.224116352,1.224116355,1.224116357,1.224116350,1.224116356,1.224116400,1.224116397,1.224116401,1.224116398,1.224116360,1.224116358,1.224116351,1.224116349,1.224116436,1.224116361
Dutch Eerste Divisie,2024-01-29,16:00:00,Cambuur Leeuwarden,FC Oss,1.28,1.32,10.5,13.0,6.0,7.2,4.1,4.9,1.26,1.32,1.7,1.86,2.16,2.42,1.01,1000.0,1.01,1000.0,2.68,55.0,1.02,1.05,2.7,55.0,1.1,1.59,2.68,3.1,1.48,1.6,1.65,1.81,2.24,2.54,1.28,1.82,2.2,4.6,1.1,1.35,3.85,12.5,1.03,1.07,16.5,55.0,1.01,1.03,16.5,980.0,1.01,1.03,16.5,1000.0,1.96,2.14,1.89,2.04,8.8,980.0,9.4,980.0,5.5,980.0,4.2,1000.0,9.8,11.5,13.0,980.0,9.2,980.0,5.6,980.0,8.4,9.6,9.2,980.0,9.8,980.0,11.0,980.0,8.8,11.0,12.0,980.0,9.0,980.0,11.0,980.0,3.1,4.2,4.2,980.0,5.7,1000.0,32953609,8942269.0,4987328.0,58805.0,1.223770514,1.223770517,1.223770519,1.223770512,1.223770518,1.223770562,1.223770559,1.223770563,1.223770560,1.223770522,1.223770520,1.223770513,1.223770511,1.223770598,1.223770523
Italian Serie C,2024-01-29,16:30:00,Atalanta B,Renate,1.91,2.04,4.4,5.5,3.05,3.65,2.28,2.76,1.56,1.77,1.27,1.37,1.01,1000.0,1.06,1.09,1.01,17.0,2.48,980.0,1.08,1.17,2.48,3.05,1.49,1.68,1.49,1.68,2.48,3.05,1.15,1.68,2.48,8.8,1.05,1.11,2.48,36.0,1.01,1.04,2.48,1000.0,1.01,1.02,10.0,1000.0,1.01,1.02,10.0,1000.0,1.01,1.01,10.0,1000.0,2.12,2.54,1.65,1.88,7.4,980.0,3.05,980.0,1.83,980.0,1.83,1000.0,3.7,980.0,4.0,980.0,2.12,980.0,7.2,1000.0,2.98,980.0,3.05,980.0,2.12,980.0,7.6,1000.0,1.98,980.0,2.36,980.0,2.46,1000.0,2.52,1000.0,1.83,980.0,1.8,1000.0,7.8,1000.0,32961050,60238985.0,4077808.0,58805.0,1.223902640,1.223902643,1.223902645,1.223902638,1.223902644,1.223902688,1.223902685,1.223902689,1.223902686,1.223902648,1.223902646,1.223902639,1.223902637,1.223902724,1.223902649
English FA Cup,2024-01-29,16:30:00,Blackburn,Wrexham,1.8,1.82,4.5,4.6,4.4,4.5,4.0,4.7,1.27,1.33,1.69,1.84,2.18,2.46,1.2,1.25,5.0,5.9,22.0,36.0,1.04,1.05,5.7,7.4,1.16,1.22,2.82,2.9,1.53,1.55,1.76,1.81,2.24,2.32,1.32,1.34,3.95,4.2,1.13,1.16,7.4,9.4,1.04,1.06,17.5,26.0,1.01,1.03,36.0,110.0,1.01,1.01,100.0,1000.0,1.57,1.62,2.62,2.76,25.0,26.0,24.0,27.0,36.0,40.0,36.0,140.0,13.5,14.5,10.0,11.0,17.0,18.5,38.0,46.0,12.5,14.0,9.8,10.5,15.0,16.0,38.0,42.0,19.0,21.0,14.5,15.5,22.0,24.0,46.0,60.0,6.4,7.0,27.0,32.0,200.0,980.0,32926852,48350.0,63604.0,58805.0,1.223374185,1.223374188,1.223374190,1.223374183,1.223374189,1.223374199,1.223374195,1.223374141,1.223374196,1.223374193,1.223374191,1.223374181,1.223374182,1.223374184,1.223374194
English National League South,2024-01-29,16:45:00,Chelmsford,Weston-super-Mare,1.63,1.85,4.6,5.9,3.75,4.9,1.01,4.2,1.01,1.43,1.01,1000.0,1.01,1000.0,1.14,1.21,1.01,8.2,4.2,110.0,1.03,1.31,4.2,5.6,1.22,1.31,2.14,2.56,1.64,1.88,1.2,1.64,2.56,6.0,1.12,1.62,2.62,10.5,1.05,1.34,2.56,26.0,1.01,1.06,3.9,1000.0,1.01,1.06,8.0,1000.0,1.01,1.06,8.0,1000.0,1.66,1000.0,1.01,2.5,1.5,980.0,1.22,980.0,1.22,1000.0,1.14,1000.0,4.5,980.0,4.4,980.0,1.22,980.0,1.15,1000.0,4.7,980.0,4.4,980.0,1.22,980.0,1.15,1000.0,1.52,980.0,1.54,980.0,1.22,980.0,1.21,1000.0,1.55,980.0,1.55,1000.0,1.15,1000.0,32974683,2145810.0,597722.0,58805.0,1.224095203,1.224095206,1.224095208,1.224095201,1.224095207,1.224095251,1.224095248,1.224095252,1.224095249,1.224095211,1.224095209,1.224095202,1.224095200,1.224095287,1.224095212
Italian Serie A,2024-01-29,16:45:00,Salernitana,Roma,6.2,6.4,1.7,1.71,3.9,4.0,2.88,3.25,1.45,1.54,1.39,1.46,3.2,3.55,1.1,1.13,9.0,11.0,11.0,13.5,1.08,1.1,3.3,3.7,1.37,1.44,1.83,1.88,2.14,2.2,1.31,1.34,4.0,4.2,1.11,1.13,9.0,9.8,1.03,1.05,21.0,36.0,1.01,1.02,60.0,1000.0,1.01,1.01,170.0,1000.0,1.01,1.01,440.0,1000.0,2.12,2.18,1.85,1.89,11.0,12.0,7.0,7.4,8.4,9.0,15.0,16.0,17.0,18.0,8.2,8.6,9.6,10.0,18.0,19.5,40.0,46.0,21.0,24.0,23.0,25.0,40.0,44.0,23.0,180.0,75.0,95.0,90.0,110.0,26.0,170.0,23.0,140.0,11.0,12.0,27.0,1000.0,32942276,60303.0,56967.0,58805.0,1.223618251,1.223618255,1.223618257,1.223618248,1.223618256,1.223618238,1.223618235,1.223618299,1.223618236,1.223618259,1.223618258,1.223618249,1.223618247,1.223618250,1.223618260
French Ligue 2,2024-01-29,16:45:00,Bordeaux,Angers,2.04,2.14,3.95,4.5,3.35,3.6,2.64,3.55,1.39,1.61,1.35,1.55,2.84,3.85,1.09,1.12,8.0,12.5,10.0,15.5,1.07,1.1,3.1,3.95,1.34,1.47,1.77,1.99,2.02,2.3,1.29,1.4,3.5,4.5,1.09,1.14,8.2,13.5,1.03,1.07,8.2,55.0,1.01,1.07,8.2,1000.0,1.01,1.07,15.0,1000.0,1.01,1.07,15.0,1000.0,1.84,2.04,1.98,2.2,9.6,14.0,10.0,15.0,18.5,28.0,6.2,95.0,7.8,10.0,6.8,8.2,12.0,18.0,6.0,55.0,10.5,14.5,9.0,12.5,14.5,22.0,6.2,70.0,21.0,28.0,19.5,28.0,5.9,48.0,6.4,980.0,5.0,20.0,6.0,70.0,6.6,1000.0,32963395,10501.0,473963.0,58805.0,1.223937246,1.223937249,1.223937251,1.223937244,1.223937250,1.223937260,1.223937256,1.223937202,1.223937257,1.223937254,1.223937252,1.223937242,1.223937243,1.223937245,1.223937255
Italian Serie C,2024-01-29,16:45:00,Calcio Avellino SSD,Sorrento,1.45,1000.0,1.05,1000.0,1.07,1000.0,1.01,1000.0,1.01,1000.0,1.01,1000.0,1.01,1000.0,1.01,1000.0,1.01,1000.0,1.27,110.0,1.04,1.13,1.27,26.0,1.04,4.6,1.27,26.0,1.04,4.6,1.08,26.0,1.04,18.0,1.05,26.0,1.04,55.0,1.01,26.0,1.04,110.0,1.01,26.0,1.04,1000.0,1.01,26.0,1.04,1000.0,1.01,26.0,1.04,1000.0,1.01,1000.0,1.01,1000.0,1.49,1000.0,1.01,1000.0,1.01,1000.0,1.01,1000.0,1.01,1000.0,1.01,1000.0,1.01,1000.0,1.01,1000.0,1.01,1000.0,3.45,1000.0,1.01,1000.0,1.01,1000.0,1.01,1000.0,1.01,1000.0,1.01,1000.0,1.01,1000.0,1.55,1000.0,1.01,1000.0,1.03,1000.0,32961098,20530702.0,2519555.0,58805.0,1.223902550,1.223902553,1.223902555,1.223902548,1.223902554,1.223902598,1.223902595,1.223902599,1.223902596,1.223902558,1.223902556,1.223902549,1.223902547,1.223902634,1.223902559
Africa Cup of Nations,2024-01-29,17:00:00,Senegal,Ivory Coast,2.38,2.44,3.75,3.9,3.05,3.1,2.4,2.72,1.58,1.71,1.29,1.36,1.01,1000.0,1.06,1.09,1.01,16.5,7.2,7.8,1.15,1.16,2.56,2.86,1.54,1.64,1.53,1.57,2.74,2.88,1.17,1.22,5.5,7.0,1.05,1.08,12.5,21.0,1.01,1.03,26.0,110.0,1.01,1.01,27.0,1000.0,1.01,1.01,55.0,1000.0,1.01,1.01,55.0,1000.0,2.22,2.32,1.76,1.82,7.4,8.0,9.6,10.5,21.0,24.0,60.0,80.0,6.8,7.4,6.6,7.0,15.5,18.5,36.0,65.0,11.5,13.0,11.5,12.5,23.0,26.0,48.0,980.0,30.0,34.0,30.0,36.0,55.0,70.0,48.0,200.0,30.0,38.0,38.0,95.0,19.5,1000.0,32966495,64983.0,75104.0,58805.0,1.223976346,1.223976350,1.223976352,1.223976343,1.223976351,1.223976333,1.223976330,1.223976394,1.223976331,1.223976354,1.223976353,1.223976344,1.223976342,1.223976345,1.223976355
Peruvian Primera Division,2024-01-29,17:00:00,Santa Rosa FC,Union Comercio,1.55,1000.0,1.04,1000.0,1.01,1000.0,1.01,1000.0,1.01,110.0,1.01,2.0,1.01,1000.0,1.01,1000.0,1.01,1000.0,1.01,1000.0,1.01,1000.0,1.02,1000.0,1.01,1000.0,1.09,1000.0,1.01,4.6,1.08,1000.0,1.01,1000.0,1.08,1000.0,1.01,1000.0,1.03,1000.0,1.01,1000.0,1.01,1000.0,1.05,1000.0,1.01,1000.0,1.01,1000.0,1.01,1000.0,1.01,1000.0,1.01,1000.0,1.01,1000.0,1.01,1000.0,1.01,1000.0,1.01,1000.0,1.01,1000.0,1.01,1000.0,1.01,1000.0,1.01,1000.0,1.01,1000.0,1.01,1000.0,1.01,1000.0,1.01,1000.0,1.01,1000.0,1.01,1000.0,1.01,1000.0,1.01,1000.0,1.01,1000.0,1.01,1000.0,1.01,1000.0,1.01,1000.0,32942959,8002307.0,5481419.0,58805.0,1.223627281,1.223627284,1.223627286,1.223627279,1.223627285,1.223627329,1.223627326,1.223627330,1.223627327,1.223627289,1.223627287,1.223627280,1.223627278,1.223627365,1.223627290
Peruvian Primera Division,2024-01-29,17:00:00,CD Los Chankas,Union Comercio,1.55,1.74,4.7,6.4,3.95,5.1,3.3,4.6,1.28,1.44,1.01,2.0,1.01,1000.0,1.14,1.23,5.4,8.0,15.0,1000.0,1.03,1.07,2.16,1000.0,1.03,1.86,2.16,2.66,1.6,1.86,1.46,1.66,2.52,3.2,1.15,1.23,5.4,8.8,1.06,1.23,5.4,26.0,1.02,1.07,5.4,1000.0,1.01,1.07,5.5,1000.0,1.01,1.07,7.2,1000.0,1.65,1.99,2.0,2.54,4.5,24.0,4.5,26.0,5.0,50.0,5.3,1000.0,3.8,12.0,3.85,12.5,4.5,25.0,5.1,75.0,3.85,13.0,3.8,12.0,4.4,23.0,5.1,70.0,4.2,18.5,4.3,19.0,4.7,34.0,5.2,1000.0,3.35,8.6,5.1,70.0,5.5,1000.0,32976566,65437610.0,5481419.0,58805.0,1.224136204,1.224136207,1.224136209,1.224136202,1.224136208,1.224136252,1.224136249,1.224136253,1.224136250,1.224136212,1.224136210,1.224136203,1.224136201,1.224136288,1.224136213
CONMEBOL U23,2024-01-29,17:00:00,Brazil U23,Ecuador U23,1.89,2.2,3.4,4.7,3.15,4.3,1.01,1000.0,1.01,1000.0,1.01,1000.0,1.01,1000.0,1.01,1000.0,1.01,1000.0,1.01,110.0,1.03,1000.0,1.01,110.0,1.03,110.0,1.07,1000.0,1.01,21.0,1.26,1.41,3.45,4.9,1.05,1.14,8.6,110.0,1.01,1000.0,1.01,110.0,1.01,1.02,1.01,1000.0,1.01,1000.0,1.01,1000.0,1.01,1000.0,1.01,1000.0,1.79,2.2,1.87,2.28,1.48,1000.0,2.94,1000.0,2.52,1000.0,5.0,1000.0,2.4,1000.0,2.76,1000.0,4.6,1000.0,5.9,1000.0,2.72,1000.0,2.9,1000.0,8.0,1000.0,15.5,1000.0,4.9,1000.0,9.0,1000.0,6.0,1000.0,11.0,1000.0,1.01,1000.0,1.55,1000.0,1.01,1000.0,32975511,8912410.0,27289617.0,58805.0,1.224117612,1.224117615,1.224117617,1.224117610,1.224117616,1.224117660,1.224117657,1.224117661,1.224117658,1.224117620,1.224117618,1.224117611,1.224117609,1.224117696,1.224117621
Icelandic Reykjavik Cup,2024-01-29,17:30:00,Leiknir R,Fylkir,2.12,1000.0,1.29,1000.0,2.52,1000.0,1.01,1000.0,1.01,980.0,1.02,1000.0,1.01,1000.0,1.01,1000.0,1.01,1000.0,1.02,1000.0,1.01,990.0,1.02,980.0,1.01,990.0,1.21,1000.0,1.01,6.0,1.2,980.0,1.01,6.0,1.06,1000.0,1.01,18.0,1.01,980.0,1.01,110.0,1.01,980.0,1.01,1000.0,1.01,980.0,1.01,1000.0,1.01,970.0,1.01,1000.0,1.01,1000.0,1.01,1000.0,1.49,1000.0,1.01,1000.0,1.01,1000.0,1.01,1000.0,1.01,1000.0,1.01,1000.0,1.01,1000.0,1.01,1000.0,1.01,1000.0,1.01,1000.0,1.01,1000.0,1.01,1000.0,1.01,1000.0,1.01,1000.0,1.01,1000.0,1.01,1000.0,1.55,1000.0,1.01,1000.0,1.01,1000.0,32970120,4744864.0,46954.0,58805.0,1.224026583,1.224026586,1.224026588,1.224026581,1.224026587,1.224026631,1.224026628,1.224026632,1.224026629,1.224026591,1.224026589,1.224026582,1.224026580,1.224026667,1.224026592
Portuguese Primeira Liga,2024-01-29,17:45:00,Sporting Lisbon,Casa Pia,1.2,1.21,17.5,22.0,8.0,8.8,3.85,4.9,1.27,1.36,1.6,1.82,2.26,2.66,1.17,1.24,5.2,6.8,22.0,36.0,1.03,1.05,5.1,6.6,1.18,1.25,2.58,2.76,1.57,1.64,1.58,1.65,2.56,2.74,1.23,1.3,4.4,5.4,1.09,1.3,4.4,15.5,1.03,1.3,4.4,55.0,1.01,1.3,4.4,1000.0,1.01,1.3,4.4,1000.0,2.38,2.58,1.64,1.73,21.0,29.0,8.2,55.0,9.0,230.0,9.4,1000.0,7.4,9.0,14.0,19.0,8.2,70.0,9.2,420.0,6.6,8.0,9.2,12.5,8.2,55.0,9.0,310.0,7.4,9.0,12.5,15.5,8.0,55.0,9.2,360.0,2.96,4.3,9.2,660.0,9.4,1000.0,32957848,52495073.0,616839.0,58805.0,1.223846647,1.223846650,1.223846652,1.223846645,1.223846651,1.223846661,1.223846657,1.223846603,1.223846658,1.223846655,1.223846653,1.223846643,1.223846644,1.223846646,1.223846656
Paraguayan Division Profesional,2024-01-29,18:30:00,Club Sportivo Trinidense,Libertad,7.2,10.5,1.4,1.5,4.4,6.6,1.01,3.95,1.11,1.42,1.27,1000.0,2.14,1000.0,1.14,1.18,1.01,8.0,1.01,1000.0,1.04,1.08,2.12,990.0,1.25,1.32,1.43,5.0,1.71,1.9,1.42,1.54,2.38,6.0,1.15,1.23,5.4,8.2,1.05,1.23,2.86,26.0,1.02,1.05,5.4,1000.0,1.01,1.05,5.4,1000.0,1.01,1.05,5.4,1000.0,1.96,2.2,1.84,2.04,1.1,1000.0,1.1,8.8,1.26,9.2,1.1,13.0,4.2,1000.0,1.1,1000.0,1.03,10.5,1.1,1000.0,4.2,1000.0,4.2,1000.0,1.1,1000.0,1.1,1000.0,4.2,1000.0,4.2,1000.0,4.2,1000.0,1.1,1000.0,4.2,1000.0,1.55,7.0,1.1,1000.0,32975762,56264858.0,328196.0,58805.0,1.224121968,1.224121971,1.224121973,1.224121966,1.224121972,1.224122016,1.224122013,1.224122017,1.224122014,1.224121976,1.224121974,1.224121967,1.224121965,1.224122052,1.224121977
Jamaican Premier League,2024-01-29,19:00:00,Vere United FC,Tivoli Gardens,1.23,1000.0,1.25,1000.0,1.29,1000.0,2.8,3.25,1.45,1.56,1.01,1000.0,1.01,1000.0,1.07,1.12,1.01,15.5,1.08,1000.0,1.04,1.13,1.08,26.0,1.04,18.0,1.08,26.0,1.04,18.0,1.08,26.0,1.04,18.0,1.05,26.0,1.04,36.0,1.01,26.0,1.04,110.0,1.01,26.0,1.04,1000.0,1.01,26.0,1.04,1000.0,1.01,26.0,1.04,1000.0,1.01,1000.0,1.01,1000.0,1.49,1000.0,2.9,1000.0,3.0,1000.0,3.8,1000.0,2.86,1000.0,2.98,1000.0,5.6,1000.0,5.9,1000.0,2.9,1000.0,5.0,1000.0,7.4,1000.0,13.5,1000.0,3.7,1000.0,6.0,1000.0,8.0,1000.0,15.5,1000.0,1.01,1000.0,1.01,1000.0,1.03,1000.0,32975628,26013430.0,7716759.0,58805.0,1.224116442,1.224116445,1.224116447,1.224116440,1.224116446,1.224116490,1.224116487,1.224116491,1.224116488,1.224116450,1.224116448,1.224116441,1.224116439,1.224116526,1.224116451
Brazilian Baiano Matches,2024-01-29,19:15:00,Itabuna BA,Jacuipense BA,1.04,990.0,1.04,990.0,1.01,950.0,1.01,1000.0,1.01,1000.0,1.01,1000.0,1.01,1000.0,1.01,1000.0,1.01,1000.0,8.6,15.5,1.07,1.14,1.08,15.5,1.07,15.5,1.08,15.5,1.07,15.5,1.08,15.5,1.07,18.0,1.05,1.12,9.4,55.0,1.03,1.12,1.07,110.0,1.01,1.12,1.07,1000.0,1.01,1.12,9.4,1000.0,1.01,1.12,9.4,1000.0,1.01,1000.0,1.01,1000.0,1.49,1000.0,2.46,1000.0,2.52,1000.0,3.05,1000.0,2.98,1000.0,2.84,1000.0,4.7,1000.0,7.6,1000.0,3.8,1000.0,3.5,1000.0,4.5,1000.0,9.0,1000.0,4.3,1000.0,6.8,1000.0,8.4,1000.0,7.2,1000.0,1.01,1000.0,1.01,1000.0,1.03,1000.0,32976255,6122123.0,16918539.0,58805.0,1.224137684,1.224137689,1.224137693,1.224137682,1.224137691,1.224137780,1.224137761,1.224137781,1.224137769,1.224137699,1.224137695,1.224137683,1.224137681,1.224137831,1.224137701
CONMEBOL U23,2024-01-29,20:00:00,Colombia U23,Venezuela U23,1.01,1000.0,1.01,1000.0,1.01,1000.0,1.01,3.25,1.01,1.61,1.01,1000.0,1.01,1000.0,1.01,1.13,1.01,1000.0,1.01,1000.0,1.01,1000.0,1.02,110.0,1.01,110.0,1.05,1000.0,1.01,36.0,1.08,1000.0,1.01,36.0,1.06,1000.0,1.01,110.0,1.01,1.02,1.01,110.0,1.01,1.02,1.01,1000.0,1.01,1000.0,1.01,1000.0,1.01,1000.0,1.01,1000.0,1.01,1000.0,1.01,1000.0,1.49,1000.0,2.4,1000.0,2.44,1000.0,3.6,1000.0,2.42,1000.0,2.98,1000.0,4.2,1000.0,5.2,1000.0,2.76,1000.0,3.4,1000.0,7.6,1000.0,18.0,1000.0,2.9,1000.0,6.2,1000.0,7.6,1000.0,13.5,1000.0,1.01,1000.0,1.01,1000.0,1.01,1000.0,32975603,10957207.0,26438695.0,58805.0,1.224117702,1.224117705,1.224117707,1.224117700,1.224117706,1.224117750,1.224117747,1.224117751,1.224117748,1.224117710,1.224117708,1.224117701,1.224117699,1.224117786,1.224117711
Brazilian Mineiro Matches,2024-01-29,20:00:00,Uberlandia MG,CA Patrocinense,1.81,3.95,2.18,110.0,2.5,950.0,1.01,1000.0,1.01,1000.0,1.01,1000.0,1.01,1000.0,1.01,1000.0,1.01,1000.0,8.6,15.5,1.07,1.14,1.08,15.5,1.07,15.5,1.08,15.5,1.07,15.5,1.08,15.5,1.07,15.5,1.05,1.13,9.2,36.0,1.01,1.13,9.2,110.0,1.01,1.13,9.2,1000.0,1.01,1.12,9.2,1000.0,1.01,1.12,9.2,1000.0,1.01,1000.0,1.01,1000.0,1.49,1000.0,2.66,1000.0,2.44,1000.0,3.0,1000.0,2.66,1000.0,2.76,1000.0,5.6,1000.0,5.3,1000.0,3.65,1000.0,4.0,1000.0,7.4,1000.0,11.5,1000.0,3.3,1000.0,6.0,1000.0,10.5,1000.0,13.5,1000.0,1.55,1000.0,1.55,1000.0,1.03,1000.0,32976508,16819647.0,13026654.0,58805.0,1.224138226,1.224138229,1.224138232,1.224138224,1.224138230,1.224138276,1.224138272,1.224138277,1.224138273,1.224138235,1.224138233,1.224138225,1.224138223,1.224138312,1.224138236
Brazilian Carioca Matches,2024-01-29,20:30:00,Audax Rio,Boavista RJ,3.45,4.2,2.16,2.44,3.25,3.85,2.1,3.05,1.23,1.67,1.01,1000.0,1.01,1000.0,1.07,1.11,1.01,1000.0,2.82,110.0,1.03,1.55,2.82,3.45,1.41,1.55,1.61,1.83,2.2,2.62,1.22,1.3,4.3,5.6,1.06,1.14,8.2,21.0,1.01,1.14,4.3,1000.0,1.01,1.14,8.2,1000.0,1.01,1.14,8.2,1000.0,1.01,1.14,8.4,1000.0,1.91,2.16,1.86,2.1,8.2,980.0,4.0,980.0,5.0,980.0,2.5,980.0,4.8,980.0,4.0,980.0,4.6,980.0,6.2,980.0,3.1,980.0,5.3,980.0,3.0,980.0,3.45,1000.0,1.34,1000.0,2.94,980.0,1.36,1000.0,1.66,1000.0,1.55,1000.0,1.55,980.0,1.36,1000.0,32967538,6973280.0,5244889.0,58805.0,1.223991858,1.223991861,1.223991863,1.223991856,1.223991862,1.223991906,1.223991903,1.223991907,1.223991904,1.223991866,1.223991864,1.223991857,1.223991855,1.223991942,1.223991867
Brazilian Pernambucano Matches,2024-01-29,20:30:00,Sport Recife,Afogados Ingazeira,1.1,1.4,1.04,110.0,3.05,950.0,1.01,1000.0,1.01,1000.0,1.01,1000.0,1.01,1000.0,1.01,1000.0,1.01,1000.0,1.08,110.0,1.01,1.06,1.08,110.0,1.01,15.5,1.08,110.0,1.01,15.5,1.08,110.0,1.01,18.0,1.05,110.0,1.01,36.0,1.01,110.0,1.01,110.0,1.01,110.0,1.01,1000.0,1.01,110.0,1.01,1000.0,1.01,110.0,1.01,1000.0,1.01,1000.0,1.01,1000.0,1.49,1000.0,1.03,1000.0,1.03,1000.0,1.03,1000.0,1.03,1000.0,1.03,1000.0,1.03,1000.0,1.03,1000.0,1.03,1000.0,1.03,1000.0,1.03,1000.0,1.03,1000.0,1.03,1000.0,1.03,1000.0,1.03,1000.0,1.03,1000.0,1.01,1000.0,1.55,1000.0,1.03,1000.0,32976242,2405306.0,16870628.0,58805.0,1.224138408,1.224138411,1.224138413,1.224138406,1.224138412,1.224138456,1.224138453,1.224138457,1.224138454,1.224138416,1.224138414,1.224138407,1.224138405,1.224138492,1.224138417
Argentinian Copa de la Liga Profesional,2024-01-29,21:00:00,Instituto,Atl Tucuman,2.36,2.74,3.4,4.2,2.68,3.55,2.24,2.6,1.63,1.86,1.23,1.33,4.1,5.2,1.05,1.08,14.5,20.0,2.36,990.0,1.08,1.74,2.36,2.64,1.61,1.74,1.41,1.57,2.74,4.6,1.13,1.57,2.74,10.5,1.05,1.57,2.74,55.0,1.02,1.57,2.74,1000.0,1.01,1.57,2.74,1000.0,1.01,1.56,2.74,1000.0,1.01,1.56,2.74,1000.0,2.16,2.58,1.63,1.85,6.0,7.8,2.02,10.5,5.8,26.0,2.44,90.0,6.0,7.8,5.9,7.8,14.0,19.0,2.42,75.0,11.5,15.0,11.0,14.5,3.35,29.0,2.46,120.0,2.36,42.0,2.36,42.0,2.44,85.0,2.48,1000.0,2.38,46.0,2.5,1000.0,2.5,1000.0,32975438,897267.0,5181445.0,58805.0,1.224111804,1.224111807,1.224111809,1.224111802,1.224111808,1.224111818,1.224111814,1.224111760,1.224111815,1.224111812,1.224111810,1.224111800,1.224111801,1.224111803,1.224111813
Jamaican Premier League,2024-01-29,21:30:00,Arnett Gardens FC,Harbour View FC,1.09,110.0,1.16,1000.0,1.16,950.0,1.01,1000.0,1.01,1000.0,1.01,1000.0,1.01,1000.0,1.01,1000.0,1.01,1000.0,1.08,110.0,1.03,1.12,1.08,110.0,1.03,18.0,1.08,110.0,1.03,18.0,1.08,110.0,1.03,18.0,1.05,110.0,1.03,36.0,1.01,110.0,1.03,110.0,1.01,110.0,1.03,1000.0,1.01,110.0,1.03,1000.0,1.01,110.0,1.03,1000.0,1.01,1000.0,1.01,1000.0,1.49,1000.0,2.98,1000.0,2.88,1000.0,3.4,1000.0,2.68,1000.0,3.85,1000.0,3.8,1000.0,7.0,1000.0,2.8,1000.0,4.4,1000.0,6.0,1000.0,8.0,1000.0,2.92,1000.0,4.0,1000.0,13.5,1000.0,18.5,1000.0,1.01,1000.0,1.01,1000.0,1.03,1000.0,32976527,7666192.0,7688378.0,58805.0,1.224138504,1.224138507,1.224138509,1.224138502,1.224138508,1.224138552,1.224138549,1.224138553,1.224138550,1.224138512,1.224138510,1.224138503,1.224138501,1.224138588,1.224138513
Costa Rican Liga de Ascenso,2024-01-29,22:00:00,Marineros de Puntarenas FC,PFA Antioquia FC,1.04,990.0,1.04,990.0,1.01,950.0,1.01,1000.0,1.01,1000.0,1.01,1000.0,1.01,1000.0,1.01,1000.0,1.01,1000.0,17.5,110.0,1.01,1.07,1.05,110.0,1.01,36.0,1.05,110.0,1.01,36.0,1.05,110.0,1.01,1000.0,1.04,1.29,4.5,1000.0,1.02,1.29,4.5,1000.0,1.01,1.29,4.5,1000.0,1.01,1.29,4.5,1000.0,1.01,1.29,4.5,1000.0,1.01,1000.0,1.01,1000.0,1.48,1000.0,1.03,1000.0,1.03,1000.0,1.03,1000.0,1.03,1000.0,1.03,1000.0,1.03,1000.0,1.03,1000.0,1.03,1000.0,1.03,1000.0,1.03,1000.0,1.03,1000.0,1.03,1000.0,1.03,1000.0,1.03,1000.0,1.03,1000.0,1.01,1000.0,1.01,1000.0,1.03,1000.0,32976552,59017681.0,59116100.0,58805.0,1.224138864,1.224138867,1.224138869,1.224138862,1.224138868,1.224138912,1.224138909,1.224138913,1.224138910,1.224138872,1.224138870,1.224138863,1.224138860,1.224138948,1.224138873
Mexican Segunda Division,2024-01-29,23:00:00,Inter Playa del Carmen,CD Pioneros de Cancun,1.04,1000.0,1.04,1000.0,1.01,950.0,1.01,1000.0,1.01,1000.0,1.01,1000.0,1.01,1000.0,1.01,1000.0,1.01,1000.0,10.0,26.0,1.04,1.12,1.08,26.0,1.04,15.5,1.08,26.0,1.04,15.5,1.08,26.0,1.04,18.0,1.05,26.0,1.04,55.0,1.02,26.0,1.04,110.0,1.01,26.0,1.04,1000.0,1.01,26.0,1.04,1000.0,1.01,26.0,1.04,1000.0,1.01,1000.0,1.01,1000.0,1.49,1000.0,2.42,1000.0,2.8,1000.0,3.35,1000.0,2.4,1000.0,3.0,1000.0,3.65,1000.0,5.9,1000.0,2.98,1000.0,4.1,1000.0,8.4,1000.0,9.6,1000.0,3.95,1000.0,5.0,1000.0,12.0,1000.0,11.0,1000.0,1.01,1000.0,1.01,1000.0,1.03,1000.0,32976850,14265194.0,10839923.0,58805.0,1.224143786,1.224143789,1.224143791,1.224143784,1.224143790,1.224143834,1.224143831,1.224143835,1.224143832,1.224143794,1.224143792,1.224143785,1.224143783,1.224143870,1.224143795
