League,Date,Time,Rodada,Home,Away,Odd_H_HT,Odd_D_HT,Odd_A_HT,Odd_H_FT,Odd_D_FT,Odd_A_FT,Odd_Over05_HT,Odd_Under05_HT,Odd_Over05_FT,Odd_Under05_FT,Odd_Over15_FT,Odd_Under15_FT,Odd_Over25_FT,Odd_Under25_FT,Odd_BTTS_Yes,Odd_BTTS_No,Odd_DC_1X,Odd_DC_12,Odd_DC_X2,PPG_Home,PPG_Away,XG_Home_Pre,XG_Away_Pre,XG_Total_Pre,Odd_Corners_H,Odd_Corners_D,Odd_Corners_A,Odd_Corners_Over75,Odd_Corners_Under75,Odd_Corners_Over85,Odd_Corners_Under85,Odd_Corners_Over95,Odd_Corners_Under95,Odd_Corners_Over105,Odd_Corners_Under105,Odd_Corners_Over115,Odd_Corners_Under115
Japan J1 League,2024-09-28,04:00:00,32,Nagoya Grampus,Jubilo Iwata,2.44,2.21,5.13,1.81,3.6,4.45,1.43,2.84,1.01,7.5,1.31,2.86,2.07,1.68,1.95,1.8,1.19,1.28,1.82,1.59,0.81,1.03,1.11,2.14,1.67,8.5,2.5,1.22,3.8,1.36,2.88,1.65,2.21,1.98,1.82,2.4,1.5
Japan J2 League,2024-09-28,04:00:00,33,Ventforet Kofu,Montedio Yamagata,3.25,2.25,3.0,2.74,3.48,2.29,1.33,3.25,1.03,12.0,1.2,4.33,1.71,2.06,1.62,2.2,1.52,1.28,1.3,0.81,1.59,1.4,1.38,2.78,1.95,8.0,2.1,1.22,3.8,1.4,2.7,1.65,2.1,2.0,1.73,2.5,1.48
China Chinese Super League,2024-09-28,04:30:00,27,Qingdao Jonoon,Shanghai Shenhua,6.0,2.5,1.8,7.7,5.6,1.34,1.25,3.72,1.01,17.0,1.11,5.5,1.45,2.55,1.67,2.15,3.2,1.14,1.07,1.29,2.5,1.41,1.75,3.16,4.33,10.0,1.29,1.16,4.75,1.31,3.25,1.55,2.23,1.9,1.85,2.48,1.5
South Korea K League 1,2024-09-28,04:30:00,32,Gangwon,Daegu,2.75,2.2,3.75,2.09,3.56,3.38,1.36,3.0,1.05,9.5,1.22,3.4,1.82,1.88,1.67,2.1,1.33,1.25,1.66,2.0,1.0,1.72,1.58,3.3,1.64,7.5,2.78,1.3,3.2,1.92,1.88,2.03,1.7,2.65,1.42,3.7,1.18
South Korea K League 2,2024-09-28,04:30:00,33,Anyang,Asan Mugunghwa,2.69,2.02,4.21,2.13,3.28,3.18,1.44,2.66,1.02,7.4,1.33,3.0,2.05,1.68,1.88,1.83,1.28,1.28,1.63,1.8,1.65,1.56,1.49,3.05,1.55,7.8,2.91,1.45,2.55,1.85,1.95,2.45,1.49,3.6,1.19,4.3,1.16
Japan J1 League,2024-09-28,05:00:00,32,Yokohama F. Marinos,Tokyo,2.4,2.5,3.75,1.86,4.1,3.7,1.25,3.75,1.01,13.0,1.15,5.25,1.45,2.55,1.44,2.63,1.25,1.2,1.85,1.31,1.5,1.66,1.14,2.8,1.67,8.5,2.5,1.15,4.75,1.29,3.4,1.43,2.62,2.0,1.8,2.17,1.61
Japan J1 League,2024-09-28,05:00:00,32,Gamba Osaka,Tokyo Verdy,3.0,2.05,3.75,2.18,3.36,3.36,1.44,2.63,1.07,8.0,1.38,3.0,2.22,1.66,1.91,1.91,1.36,1.33,1.63,1.75,1.53,1.6,1.24,2.84,1.73,8.0,2.4,1.29,3.4,1.45,2.55,1.92,1.88,2.24,1.63,2.8,1.38
Japan J1 League,2024-09-28,06:00:00,32,Cerezo Osaka,Kashiwa Reysol,3.2,2.2,3.2,2.49,3.36,2.83,1.36,3.0,1.05,9.0,1.24,3.26,1.87,1.93,1.7,2.05,1.47,1.25,1.5,1.6,1.19,1.41,1.48,2.89,2.1,8.0,1.91,1.25,3.6,1.42,2.62,1.72,2.1,2.11,1.71,2.5,1.51
Japan J2 League,2024-09-28,06:00:00,33,Shimizu S-Pulse,Yokohama,2.92,1.98,3.88,2.16,3.14,3.24,1.44,2.66,1.02,7.5,1.27,3.04,1.98,1.77,1.73,1.95,1.33,1.32,1.53,2.63,2.0,1.84,1.75,3.59,2.2,8.0,1.91,1.3,3.2,1.53,2.38,1.82,1.98,2.3,1.55,3.0,1.33
Japan J2 League,2024-09-28,06:00:00,33,Kagoshima United,Mito Hollyhock,3.3,2.07,3.04,2.64,3.28,2.46,1.4,2.81,1.03,8.2,1.26,3.08,1.93,1.81,1.71,1.97,1.47,1.28,1.42,1.18,1.06,1.29,1.28,2.57,1.85,8.0,2.28,1.29,3.3,1.42,2.65,1.8,1.91,2.3,1.55,3.05,1.33
South Korea K League 1,2024-09-28,07:00:00,32,Jeonbuk Motors,Jeju United,2.5,2.25,4.33,1.9,3.74,3.82,1.36,3.0,1.05,9.5,1.25,3.75,1.78,1.95,1.67,2.1,1.22,1.22,1.83,1.27,0.73,1.49,1.54,3.03,1.95,7.5,2.1,1.37,2.95,1.95,1.85,2.08,1.72,2.85,1.39,4.0,1.22
South Korea K League 1,2024-09-28,07:00:00,32,Sangju Sangmu,Gwangju,2.8,2.1,3.6,2.2,3.5,3.18,1.38,3.07,1.03,9.0,1.25,3.6,1.95,1.78,1.73,2.1,1.33,1.25,1.66,2.0,1.07,1.68,1.39,3.07,1.75,7.5,2.45,1.29,2.92,1.8,2.0,2.03,1.75,2.64,1.4,3.54,1.2
Japan J1 League,2024-09-28,07:00:00,32,Shonan Bellmare,Kashima Antlers,3.4,2.1,3.1,2.74,3.42,2.51,1.4,2.75,1.05,9.0,1.3,3.3,1.9,1.81,1.75,2.0,1.55,1.25,1.42,0.94,1.07,1.54,1.37,2.91,1.8,8.0,2.38,1.15,4.0,1.35,2.84,1.73,2.11,2.13,1.71,2.6,1.36
Japan J1 League,2024-09-28,07:00:00,32,Vissel Kobe,Urawa Reds,2.4,2.2,4.5,1.74,3.84,4.55,1.36,3.0,1.05,9.0,1.24,3.26,1.81,1.89,1.8,1.95,1.18,1.22,1.95,1.75,1.13,1.65,1.28,2.93,1.57,8.5,2.75,0.0,0.0,1.33,2.73,1.7,2.05,2.1,1.72,2.67,1.39
Japan J1 League,2024-09-28,07:00:00,32,Sanfrecce Hiroshima,Machida Zelvia,2.5,2.2,4.5,1.82,3.68,4.3,1.4,2.75,1.06,8.2,1.27,3.08,1.91,1.79,1.8,1.95,1.23,1.28,1.94,2.12,2.13,1.96,1.26,3.22,1.5,8.5,3.1,1.26,3.08,1.59,2.35,2.0,1.8,2.47,1.53,3.35,1.22
Japan J2 League,2024-09-28,07:00:00,33,Oita Trinita,Fujieda MYFC,2.63,2.2,3.75,2.01,3.44,3.32,1.37,2.94,1.02,10.0,1.22,3.8,1.81,1.93,1.62,2.2,1.28,1.26,1.71,0.94,1.31,1.29,1.4,2.69,1.64,8.0,2.67,1.25,3.6,1.44,2.6,1.88,1.92,2.1,1.65,2.7,1.4
China Chinese Super League,2024-09-28,07:00:00,27,Shanghai SIPG,Qingdao Youth Island,1.29,4.0,12.0,1.1,9.9,17.25,1.1,5.75,1.01,86.0,1.01,11.0,1.16,4.5,1.73,2.1,1.02,1.02,7.9,2.85,1.08,2.56,1.19,3.75,1.11,13.0,7.0,1.1,5.7,1.18,3.72,1.35,2.65,1.85,1.95,2.05,1.74
Portugal LigaPro,2024-09-28,07:00:00,6,GD Chaves,Torreense,2.6,2.1,4.75,1.93,3.4,3.88,1.44,2.63,1.02,7.4,1.36,3.0,2.15,1.65,2.0,1.73,1.2,1.25,1.85,1.33,1.0,1.36,1.61,2.97,1.56,8.9,2.84,1.22,3.8,1.38,2.8,1.65,2.1,2.0,1.73,2.5,1.48
South Korea K League 2,2024-09-28,07:00:00,33,Gyeongnam,Suwon Bluewings,4.0,2.1,2.75,3.34,3.44,2.0,1.4,2.75,1.03,9.0,1.3,3.2,1.95,1.75,1.8,1.91,1.73,1.3,1.33,0.9,1.47,1.57,1.75,3.32,0.0,0.0,0.0,0.0,0.0,1.58,2.31,1.96,1.83,2.48,1.51,0.0,0.0
Japan J1 League,2024-09-28,07:00:00,32,Sagan Tosu,Avispa Fukuoka,3.6,2.05,3.1,2.92,3.3,2.44,1.44,2.63,1.02,7.4,1.32,2.81,2.1,1.66,1.91,1.91,1.53,1.3,1.38,0.94,1.44,1.39,1.2,2.59,1.83,7.5,2.3,1.3,3.2,1.56,2.38,2.05,1.7,2.39,1.56,3.0,1.33
Germany 2. Bundesliga,2024-09-28,08:00:00,7,Darmstadt 98,Magdeburg,2.65,2.25,3.35,2.25,3.8,2.88,1.28,3.3,1.01,13.0,1.14,5.0,1.56,2.29,1.45,2.5,1.36,1.22,1.65,0.67,3.0,1.59,1.28,2.87,1.72,7.5,2.6,1.1,4.75,1.28,3.25,1.5,2.35,1.88,1.92,2.35,1.52
Germany 2. Bundesliga,2024-09-28,08:00:00,7,Hamburger SV,Paderborn,2.2,2.4,4.0,1.76,4.2,4.05,1.25,3.6,1.01,17.0,1.14,5.5,1.48,2.54,1.42,2.6,1.22,1.18,2.0,2.33,1.67,1.49,1.52,3.01,1.52,8.0,3.1,1.13,5.5,1.27,3.35,1.48,2.45,1.8,2.0,2.28,1.55
Germany 2. Bundesliga,2024-09-28,08:00:00,7,Jahn Regensburg,Kaiserslautern,3.5,2.15,2.7,3.26,3.64,2.11,1.35,2.95,1.05,9.5,1.25,3.8,1.71,2.02,1.6,2.15,1.67,1.25,1.33,1.0,2.0,1.27,1.25,2.52,2.43,7.5,1.81,1.22,3.75,1.41,2.65,1.71,2.0,2.16,1.6,2.85,1.36
England EFL League One,2024-09-28,08:30:00,8,Crawley Town,Bolton Wanderers,4.33,2.3,2.4,4.05,3.84,1.83,1.33,3.25,1.03,13.0,1.19,3.65,1.9,1.8,1.67,2.1,1.95,1.22,1.25,1.33,1.5,0.81,1.17,1.98,2.65,7.0,1.49,1.2,3.95,1.34,2.9,1.57,2.23,1.9,1.79,2.38,1.5
Estonia Meistriliiga,2024-09-28,08:30:00,30,Kuressaare,Nõmme United,2.25,2.4,4.1,1.66,3.96,4.25,1.27,3.3,1.01,20.0,1.15,4.7,1.55,2.3,1.52,2.35,1.23,1.2,2.0,0.8,0.2,1.38,1.11,2.49,0.0,0.0,0.0,0.0,0.0,0.0,0.0,0.0,0.0,0.0,0.0,0.0,0.0
England Premier League,2024-09-28,08:30:00,6,Newcastle United,Manchester City,4.75,2.5,2.1,4.63,3.62,1.7,1.25,3.75,1.01,17.0,1.1,4.85,1.45,2.63,1.53,2.38,2.25,1.23,1.19,3.0,3.0,0.75,1.98,2.73,3.3,7.0,1.4,1.2,3.9,1.36,2.8,1.6,2.17,1.94,1.76,2.4,1.49
England EFL League Two,2024-09-28,08:30:00,8,Walsall,Colchester United,2.6,2.2,4.33,1.78,3.64,4.3,1.4,2.75,1.03,9.0,1.25,3.6,1.83,1.91,1.8,1.91,1.25,1.3,1.88,3.0,0.67,1.6,1.52,3.12,1.45,8.0,3.35,1.22,3.8,1.33,3.05,1.7,2.05,2.03,1.7,2.62,1.43
Czech Republic First League,2024-09-28,08:30:00,10,Dukla Praha,Slovan Liberec,4.0,2.25,2.4,3.92,3.82,1.81,1.32,3.15,1.04,14.75,1.22,4.3,1.81,1.89,1.62,2.15,1.85,1.28,1.27,1.5,1.0,1.08,1.55,2.63,2.41,8.5,1.75,1.18,4.6,1.28,2.97,1.52,2.24,1.98,1.82,2.43,1.44
England Championship,2024-09-28,08:30:00,7,Blackburn Rovers,Queens Park Rangers,2.6,2.2,4.33,2.04,3.54,3.54,1.4,2.75,1.05,8.2,1.27,3.08,1.87,1.83,1.8,1.91,1.28,1.25,1.88,3.0,1.67,1.35,1.07,2.42,1.64,7.0,2.48,1.12,5.21,1.28,3.4,1.52,2.47,1.85,1.95,2.32,1.6
England Championship,2024-09-28,08:30:00,7,Derby County,Norwich City,3.4,2.1,3.1,2.73,3.42,2.52,1.4,2.75,1.05,11.0,1.32,3.4,1.85,1.85,1.8,1.91,1.52,1.28,1.5,3.0,1.0,1.2,0.93,2.13,2.25,6.75,1.75,1.15,4.68,1.33,3.12,1.6,2.31,1.98,1.82,2.49,1.52
England Championship,2024-09-28,08:30:00,7,Sheffield Wednesday,West Bromwich Albion,3.75,2.1,3.0,3.08,3.36,2.31,1.44,2.63,1.06,10.0,1.36,3.2,2.05,1.69,1.83,1.83,1.63,1.28,1.38,1.33,3.0,1.68,1.34,3.02,1.9,6.75,2.08,1.2,3.9,1.37,2.8,1.61,2.15,1.96,1.74,2.45,1.48
Finland Veikkausliiga,2024-09-28,08:30:00,3,SJK,VPS,2.12,2.51,4.5,1.61,4.45,4.8,1.24,3.82,1.01,17.0,1.09,4.95,1.43,2.62,1.51,2.45,1.2,1.22,2.23,1.91,1.17,1.96,1.28,3.24,1.3,9.0,4.4,1.13,4.3,1.3,3.3,1.55,2.38,2.0,1.8,2.5,1.49
England EFL League Two,2024-09-28,08:30:00,8,Harrogate Town,Bradford City,4.33,2.2,2.5,3.82,3.62,1.88,1.4,2.75,1.04,11.0,1.23,3.28,1.85,1.85,1.8,1.91,1.9,1.25,1.25,1.0,1.0,1.1,1.02,2.12,2.78,7.5,1.64,1.2,4.0,1.28,3.35,1.5,2.4,1.95,1.77,2.45,1.49
England EFL League One,2024-09-28,08:30:00,8,Reading,Huddersfield Town,3.4,2.1,3.2,2.83,3.6,2.36,1.4,2.75,1.06,8.5,1.33,3.3,1.9,1.8,1.75,2.0,1.5,1.28,1.42,2.0,2.0,1.41,1.26,2.67,2.05,6.5,1.81,1.2,3.9,1.36,2.8,1.6,2.17,1.95,1.75,2.43,1.48
China Chinese Super League,2024-09-28,08:35:00,27,Beijing Guoan,Changchun Yatai,2.0,2.5,4.75,1.49,4.6,5.5,1.25,3.72,1.01,17.0,1.11,5.5,1.45,2.56,1.57,2.35,1.12,1.15,2.4,2.17,0.69,1.74,1.07,2.81,1.36,9.0,3.75,1.29,3.4,1.53,2.4,1.96,1.85,2.5,1.5,3.4,1.29
China Chinese Super League,2024-09-28,08:35:00,27,Nantong Zhiyun,Zhejiang FC,3.6,2.3,2.4,3.32,3.9,1.95,1.25,3.72,1.01,13.0,1.11,5.5,1.44,2.59,1.44,2.7,1.81,1.25,1.32,0.54,0.58,1.32,1.75,3.07,2.38,8.5,1.8,1.19,4.35,1.36,3.0,1.62,2.2,2.05,1.72,2.7,1.43
China Chinese Super League,2024-09-28,09:00:00,27,Sichuan Jiuniu,Shandong Luneng,2.63,2.2,3.75,2.1,3.5,3.1,1.33,3.2,1.02,10.0,1.2,4.0,1.75,1.95,1.65,2.2,1.31,1.29,1.75,1.0,1.23,1.26,1.6,2.86,1.83,8.0,2.25,1.21,4.15,1.39,2.85,1.9,1.9,2.15,1.65,2.8,1.4
France Ligue 2,2024-09-28,09:00:00,7,Red Star,Paris,3.6,2.15,2.8,3.05,3.44,2.29,1.38,2.8,1.03,9.0,1.29,3.3,1.96,1.86,1.73,2.0,1.62,1.33,1.38,1.5,2.0,1.16,1.35,2.51,2.29,7.5,1.85,1.35,3.05,1.7,2.05,2.1,1.68,2.85,1.38,4.0,1.22
Spain La Liga,2024-09-28,09:00:00,8,Getafe CF,Deportivo Alavés,3.5,1.8,4.0,2.56,2.73,3.28,1.67,2.1,1.11,5.5,1.68,2.2,3.2,1.36,2.38,1.53,1.38,1.38,1.52,1.0,0.75,1.15,1.41,2.56,1.92,6.4,2.08,1.41,2.63,1.7,2.0,2.14,1.62,2.75,1.38,3.65,1.23
Norway Eliteserien,2024-09-28,09:00:00,24,Molde,Tromsø,1.91,2.4,6.0,1.43,4.75,6.85,1.3,3.4,1.01,13.0,1.14,4.8,1.63,2.24,1.73,2.1,1.13,1.19,2.5,1.82,1.27,1.79,1.22,3.01,1.25,10.0,4.5,1.13,4.33,1.28,2.97,1.57,2.23,2.0,1.73,2.48,1.45
Austria 2. Liga,2024-09-28,09:30:00,8,St. Pölten,SV Stripfing Weiden,2.2,2.3,4.75,1.65,4.0,4.5,1.28,3.4,1.01,13.0,1.18,4.5,1.7,2.1,1.73,2.0,1.2,1.18,2.0,1.0,0.5,1.05,1.17,2.22,1.39,7.6,3.92,0.0,0.0,0.0,0.0,2.1,2.31,1.96,1.83,2.49,1.51
Poland Ekstraklasa,2024-09-28,09:45:00,10,Raków Częstochowa,Puszcza Niepołomice,1.91,2.38,7.5,1.38,4.2,8.5,1.36,2.9,1.05,9.5,1.28,3.55,1.85,1.95,2.1,1.67,1.06,1.15,2.95,1.4,0.4,1.5,0.99,2.49,1.13,11.5,8.0,1.32,3.0,1.57,2.16,2.38,1.75,2.6,1.4,3.55,1.23
Turkey Süper Lig,2024-09-28,10:00:00,7,Samsunspor,Göztepe,2.5,2.05,4.7,2.0,3.4,3.82,1.44,2.72,1.08,9.15,1.39,3.03,2.26,1.65,1.95,1.8,1.2,1.32,1.8,1.0,1.0,1.53,0.98,2.51,1.49,6.5,2.7,1.36,2.8,1.61,2.15,1.98,1.72,2.55,1.44,3.3,1.27
Italy Serie B,2024-09-28,10:00:00,7,Sassuolo,Spezia,2.65,2.1,3.9,2.05,3.52,3.54,1.42,2.7,1.07,10.25,1.33,3.38,2.0,1.72,1.81,1.95,1.3,1.35,1.7,1.5,1.0,1.29,1.1,2.39,1.64,8.5,2.66,1.22,4.0,1.41,2.75,1.73,2.04,2.23,1.61,3.0,1.36
Italy Serie B,2024-09-28,10:00:00,7,Carrarese,Reggiana,3.0,1.95,3.65,2.66,3.18,2.75,1.5,2.4,1.08,7.5,1.42,2.8,2.21,1.59,1.9,1.77,1.36,1.3,1.57,1.5,1.5,1.09,1.32,2.41,1.82,7.5,2.34,1.45,2.63,1.82,1.98,2.4,1.53,3.35,1.3,4.8,1.17
Portugal LigaPro,2024-09-28,10:00:00,6,Paços de Ferreira,Benfica II,3.0,2.2,3.5,2.3,3.3,2.72,1.4,2.75,1.03,8.3,1.28,3.5,1.93,1.78,1.67,2.1,1.42,1.25,1.55,0.0,1.5,1.74,1.22,2.96,1.63,9.0,2.62,1.17,4.5,1.3,3.2,1.5,2.4,1.85,1.95,2.25,1.57
Italy Serie B,2024-09-28,10:00:00,7,Bari 1908,Cosenza,2.9,2.01,4.19,2.05,3.32,3.75,1.49,2.52,1.09,7.0,1.42,2.8,2.29,1.55,1.97,1.79,1.33,1.33,1.67,1.33,0.5,1.44,1.89,3.33,1.45,9.0,3.32,1.2,4.0,1.23,3.85,1.42,2.7,1.73,2.04,2.18,1.63
Sweden Superettan,2024-09-28,10:00:00,25,Degerfors,Trelleborg,2.0,2.3,5.0,1.55,4.25,5.3,1.27,3.3,1.01,13.0,1.14,4.8,1.64,2.22,1.65,2.2,1.14,1.2,2.28,2.25,1.17,2.25,1.51,3.76,1.48,7.0,2.7,1.16,4.4,1.29,3.15,1.49,2.43,1.76,1.93,2.17,1.6
Sweden Superettan,2024-09-28,10:00:00,25,Skövde AIK,GIF Sundsvall,3.15,2.2,2.95,2.66,3.36,2.52,1.35,3.05,1.01,12.0,1.22,3.85,1.8,1.85,1.65,2.1,1.49,1.3,1.46,1.0,0.5,1.09,1.21,2.3,1.95,6.25,1.95,1.32,3.05,1.57,2.23,1.92,1.77,2.43,1.49,3.15,1.3
Italy Serie A,2024-09-28,10:00:00,6,Udinese,Inter Milan,6.0,2.38,2.05,7.35,4.02,1.44,1.33,3.25,1.04,10.5,1.21,3.64,1.85,1.85,1.91,1.91,2.5,1.22,1.14,3.0,1.0,1.05,1.65,2.7,3.8,7.5,1.3,1.29,3.15,1.5,2.4,1.82,1.98,2.28,1.54,2.9,1.34
Slovenia PrvaLiga,2024-09-28,10:00:00,10,Nafta,Mura,3.5,2.1,2.88,3.47,3.55,1.87,1.4,2.75,1.02,10.0,1.22,3.8,1.8,1.9,1.73,2.0,1.65,1.25,1.35,1.5,1.0,1.5,1.37,2.87,2.55,6.6,1.74,0.0,0.0,0.0,0.0,1.57,2.32,1.93,1.86,2.39,1.54
Germany Bundesliga,2024-09-28,10:30:00,5,Borussia M'gladbach,Union Berlin,2.75,2.25,3.75,2.19,3.48,2.98,1.36,3.0,1.04,10.5,1.21,3.6,1.55,2.3,1.67,2.1,1.34,1.3,1.76,0.0,1.0,1.56,1.26,2.82,1.68,6.5,2.43,1.26,3.4,1.47,2.48,1.74,1.95,2.17,1.58,2.8,1.37
Wales Welsh Premier League,2024-09-28,10:30:00,10,Briton Ferry,Bala Town,7.0,2.5,1.73,7.36,5.5,1.27,1.3,3.4,1.01,10.0,1.2,4.33,1.57,2.25,2.0,1.73,3.15,1.12,1.06,0.25,1.67,1.02,1.11,2.13,0.0,0.0,0.0,1.47,2.45,1.7,2.04,2.05,1.7,0.0,0.0,0.0,0.0
Germany Bundesliga,2024-09-28,10:30:00,5,Mainz 05,Heidenheim,2.38,2.3,4.5,1.65,4.0,4.5,1.33,3.25,1.03,13.0,1.25,4.0,1.58,2.23,1.67,2.1,1.22,1.22,2.1,0.5,1.5,1.48,0.96,2.44,1.45,7.0,3.05,1.25,3.45,1.43,2.55,1.72,1.98,2.12,1.63,2.65,1.4
Wales Welsh Premier League,2024-09-28,10:30:00,10,Flint Town United,Penybont,6.5,2.38,1.91,5.07,4.0,1.52,1.33,3.25,1.02,13.0,1.2,4.33,1.76,1.95,2.0,1.73,2.45,1.19,1.12,0.6,2.5,1.7,1.68,3.38,4.1,7.3,1.39,1.29,3.3,1.5,2.4,1.8,1.91,2.25,1.57,2.9,1.36
Germany Bundesliga,2024-09-28,10:30:00,5,Freiburg,St. Pauli,2.2,2.3,5.5,1.83,3.75,3.75,1.36,3.0,1.01,9.4,1.22,3.52,1.58,2.23,1.8,1.95,1.2,1.27,2.15,3.0,0.0,1.82,0.97,2.79,1.63,6.75,2.55,1.27,3.3,1.47,2.4,2.0,1.8,2.23,1.58,2.8,1.36
Germany Bundesliga,2024-09-28,10:30:00,5,RB Leipzig,Augsburg,1.83,2.75,6.0,1.4,4.5,7.0,1.22,4.0,1.01,26.0,1.08,5.3,1.41,2.78,1.62,2.2,1.1,1.12,2.95,2.0,0.0,1.14,1.49,2.63,1.26,8.0,4.1,1.2,3.9,1.36,2.8,1.58,2.18,1.94,1.76,2.4,1.49
Germany Bundesliga,2024-09-28,10:30:00,5,Wolfsburg,Stuttgart,3.5,2.4,2.6,3.27,3.82,1.96,1.29,3.5,1.02,19.0,1.18,5.0,1.58,2.23,1.5,2.5,1.78,1.22,1.35,0.0,1.5,1.28,1.25,2.53,2.1,6.4,1.9,1.3,3.05,1.52,2.3,1.92,1.88,2.32,1.52,3.0,1.32
Romania Liga I,2024-09-28,10:45:00,11,CSM Iaşi,Universitatea Cluj,3.75,1.95,2.95,3.38,3.2,2.17,1.53,2.37,1.04,6.55,1.44,2.65,2.15,1.62,2.0,1.75,1.6,1.3,1.3,1.4,2.0,1.61,1.09,2.7,2.2,7.5,1.91,1.32,2.78,1.7,2.13,2.13,1.7,2.74,1.35,3.76,1.17
Norway First Division,2024-09-28,11:00:00,25,Kongsvinger,Vålerenga,4.3,2.41,2.23,3.99,3.9,1.73,1.27,3.3,1.02,10.0,1.16,4.6,1.5,2.41,1.52,2.46,2.04,1.22,1.13,1.67,2.25,1.88,1.91,3.79,2.46,9.0,1.7,0.0,0.0,1.18,3.65,1.38,2.62,1.73,2.07,2.13,1.69
Norway First Division,2024-09-28,11:00:00,25,Stabæk,Sogndal,2.34,2.67,3.76,1.9,3.9,3.31,1.21,4.15,1.01,17.0,1.06,5.6,1.37,2.85,1.4,2.92,1.31,1.24,1.88,1.67,1.0,1.9,1.25,3.15,1.67,9.1,2.59,0.0,0.0,1.18,3.7,1.37,2.66,1.71,2.11,2.12,1.7
Norway First Division,2024-09-28,11:00:00,25,Bryne,Moss,2.58,2.29,4.07,2.0,3.45,3.39,1.34,3.19,1.04,9.85,1.28,3.6,1.79,1.91,1.68,2.14,1.3,1.3,1.78,2.25,1.17,1.76,1.61,3.37,1.65,9.2,2.56,0.0,0.0,1.18,3.68,1.37,2.66,1.72,2.1,2.13,1.7
Norway First Division,2024-09-28,11:00:00,25,Ranheim,Levanger,2.5,2.3,3.5,1.94,3.75,3.3,1.25,3.65,1.01,15.0,1.17,5.0,1.54,2.32,1.44,2.63,1.3,1.26,1.84,1.55,1.0,1.48,1.42,2.9,1.58,9.2,2.75,1.15,5.42,1.23,3.28,1.51,2.52,1.84,1.97,2.28,1.61
Norway First Division,2024-09-28,11:00:00,25,Sandnes Ulf,Start,3.69,2.66,2.38,3.32,3.8,1.92,1.2,4.0,1.01,13.5,1.1,6.0,1.38,2.81,1.37,3.03,1.85,1.25,1.31,0.92,0.75,1.48,1.37,2.85,2.45,6.75,1.82,0.0,0.0,1.21,3.44,1.41,2.52,1.76,2.04,2.18,1.67
Norway First Division,2024-09-28,11:00:00,25,Aalesund,Mjøndalen,2.0,2.4,4.7,1.58,4.2,4.67,1.27,3.54,1.02,10.0,1.16,4.6,1.52,2.36,1.5,2.35,1.07,1.2,2.3,0.92,0.73,1.47,1.37,2.84,1.49,9.7,3.02,0.0,0.0,0.0,0.0,1.29,2.92,1.61,2.29,1.97,1.83
Norway First Division,2024-09-28,11:00:00,25,Åsane,Egersund,3.1,2.3,2.75,2.45,3.6,2.51,1.25,3.72,1.01,15.0,1.13,6.0,1.46,2.52,1.4,2.75,1.58,1.27,1.45,1.58,1.82,1.49,1.63,3.12,2.41,6.8,1.84,0.0,0.0,0.0,0.0,1.35,2.65,1.71,2.11,2.11,1.71
Denmark Superliga,2024-09-28,11:00:00,10,AGF,Randers,2.5,2.2,4.33,1.91,3.5,4.0,1.33,3.25,1.04,10.0,1.25,3.95,1.95,1.85,1.75,2.0,1.2,1.22,2.0,2.0,1.4,1.6,1.15,2.75,1.49,7.4,3.58,1.17,4.3,1.33,2.95,1.83,2.44,1.86,1.93,2.31,1.56
Belgium Pro League,2024-09-28,11:00:00,9,KRC Genk,KV Mechelen,1.92,2.8,5.36,1.52,4.77,5.25,1.21,4.15,1.01,28.0,1.07,5.55,1.36,3.1,1.47,2.63,1.15,1.14,2.5,2.5,1.25,1.91,1.1,3.01,1.36,9.0,3.5,1.18,4.5,1.42,2.65,1.75,2.0,2.2,1.61,2.6,1.46
England EFL League Two,2024-09-28,11:00:00,8,Gillingham,Barrow,3.25,2.05,3.5,2.33,3.2,3.04,1.5,2.5,1.07,9.0,1.4,2.95,2.15,1.61,1.83,1.83,1.42,1.3,1.53,3.0,2.0,1.4,1.18,2.58,1.82,8.0,2.39,1.25,3.6,1.37,2.85,1.7,2.03,2.13,1.63,2.85,1.37
England EFL League Two,2024-09-28,11:00:00,8,Carlisle United,Grimsby Town,2.75,2.2,3.75,2.07,3.46,3.35,1.4,2.75,1.04,12.0,1.23,3.28,1.83,1.91,1.73,2.0,1.33,1.25,1.72,1.0,0.0,1.37,1.21,2.58,1.69,7.5,2.65,1.2,4.0,1.36,2.9,1.57,2.25,1.98,1.82,2.4,1.5
England Premier League,2024-09-28,11:00:00,6,Brentford,West Ham United,2.75,2.3,3.5,2.56,3.35,2.56,1.3,3.4,1.04,14.0,1.23,4.45,1.69,2.05,1.57,2.25,1.38,1.29,1.7,3.0,2.0,1.59,1.22,2.81,1.8,6.75,2.18,1.16,4.3,1.3,3.05,1.52,2.32,1.82,1.86,2.25,1.53
England Premier League,2024-09-28,11:00:00,6,Everton,Crystal Palace,3.25,2.2,3.1,2.56,3.35,2.56,1.36,3.0,1.04,8.5,1.25,3.6,1.85,1.85,1.67,2.1,1.55,1.31,1.49,0.0,0.5,1.48,1.17,2.65,1.98,6.75,1.97,1.2,3.9,1.37,2.8,1.61,2.15,1.96,1.74,2.48,1.46
England Premier League,2024-09-28,11:00:00,6,Nottingham Forest,Fulham,3.0,2.1,3.6,2.22,3.33,3.05,1.4,2.75,1.04,8.5,1.3,3.3,1.85,1.85,1.8,1.95,1.35,1.33,1.57,1.0,0.5,1.65,1.0,2.65,2.08,6.75,1.89,1.2,3.95,1.37,2.8,1.63,2.12,1.98,1.72,2.5,1.46
Czech Republic First League,2024-09-28,11:00:00,10,Pardubice,Teplice,3.1,2.1,3.3,2.54,3.42,2.61,1.37,3.05,1.03,9.0,1.25,3.6,1.88,1.82,1.73,2.1,1.47,1.3,1.48,1.0,0.0,1.23,1.24,2.47,2.1,8.5,1.91,1.16,4.9,1.25,3.14,1.56,2.35,1.9,1.9,2.4,1.54
Czech Republic First League,2024-09-28,11:00:00,10,Slovácko,Karviná,2.35,2.1,4.7,1.79,3.55,4.35,1.42,2.65,1.06,10.0,1.33,3.2,2.04,1.7,1.9,1.87,1.16,1.22,1.95,1.5,2.0,1.16,1.61,2.77,1.64,8.5,2.66,1.15,4.8,1.25,3.14,1.53,2.46,1.9,1.9,2.33,1.58
England EFL League Two,2024-09-28,11:00:00,8,AFC Wimbledon,Accrington Stanley,2.2,2.3,5.0,1.63,3.9,5.0,1.33,3.25,1.03,13.0,1.19,3.58,1.83,2.03,1.8,1.91,1.16,1.18,2.35,3.0,0.0,1.5,1.28,2.78,1.45,8.5,3.33,1.28,2.94,1.56,2.16,1.95,1.77,2.59,1.39,3.54,1.2
England EFL League Two,2024-09-28,11:00:00,8,Bromley,Milton Keynes Dons,3.4,2.25,3.0,3.06,3.6,2.15,1.33,3.25,1.01,11.0,1.19,3.55,1.75,2.0,1.62,2.2,1.57,1.28,1.41,1.0,0.0,1.27,1.27,2.54,2.0,7.0,2.1,1.4,2.7,1.67,2.1,2.1,1.67,2.62,1.42,3.6,1.25
England EFL League Two,2024-09-28,11:00:00,8,Doncaster Rovers,Chesterfield,2.75,2.2,3.75,2.12,3.5,3.2,1.36,3.0,1.02,10.0,1.22,3.35,1.8,1.91,1.73,2.0,1.31,1.28,1.71,3.0,1.0,1.18,1.42,2.6,1.59,7.5,2.92,1.29,3.3,1.5,2.4,1.82,1.98,2.25,1.57,2.9,1.36
England EFL League Two,2024-09-28,11:00:00,8,Cheltenham Town,Fleetwood Town,3.4,2.2,3.1,2.8,3.48,2.35,1.36,3.0,1.03,9.0,1.25,3.6,1.83,1.91,1.67,2.1,1.57,1.27,1.3,2.0,1.33,1.26,1.09,2.35,2.33,8.0,1.82,1.22,3.8,1.38,2.8,1.65,2.1,1.95,1.77,2.5,1.48
England Premier League,2024-09-28,11:00:00,6,Arsenal,Leicester City,1.57,2.88,11.0,1.16,6.75,14.5,1.25,3.75,1.02,23.5,1.11,4.65,1.47,2.57,2.2,1.62,1.05,1.1,4.6,2.0,0.5,1.6,1.09,2.69,1.09,11.5,7.0,1.24,3.55,1.41,2.65,1.67,2.04,2.06,1.66,2.55,1.44
Bulgaria First League,2024-09-28,11:00:00,10,Lokomotiv Plovdiv,Levski Krumovgrad,2.5,2.1,4.75,1.83,3.4,4.5,1.44,2.63,1.01,7.5,1.36,3.0,2.1,1.7,1.91,1.8,1.2,1.22,1.83,0.71,0.75,1.39,1.15,2.54,0.0,0.0,0.0,0.0,0.0,0.0,0.0,0.0,0.0,0.0,0.0,0.0,0.0
England EFL League One,2024-09-28,11:00:00,8,Blackpool,Burton Albion,2.2,2.3,5.5,1.5,4.45,6.1,1.36,3.0,1.04,12.0,1.23,3.34,1.8,1.9,1.91,1.91,1.14,1.24,2.38,1.33,1.0,1.55,1.24,2.79,1.35,6.75,3.3,1.34,2.8,1.58,2.18,1.95,1.75,2.48,1.47,3.2,1.27
England Premier League,2024-09-28,11:00:00,6,Chelsea,Brighton & Hove Albion,2.2,2.5,4.33,1.65,3.68,4.92,1.25,3.75,1.03,13.0,1.12,5.5,1.63,2.14,1.53,2.38,1.23,1.24,2.1,0.5,2.0,1.39,1.57,2.96,1.61,6.5,2.65,1.26,3.4,1.47,2.48,1.76,1.93,2.05,1.67,2.55,1.43
England Championship,2024-09-28,11:00:00,7,Middlesbrough,Stoke City,2.2,2.38,5.0,1.64,4.1,4.95,1.33,3.25,1.03,15.0,1.24,4.2,1.69,2.05,1.73,2.0,1.18,1.2,2.25,1.67,1.0,1.8,1.1,2.9,1.63,7.0,2.5,1.12,5.1,1.29,3.34,1.54,2.44,1.88,1.92,2.35,1.58
England EFL League One,2024-09-28,11:00:00,8,Birmingham City,Peterborough United,2.05,2.4,5.5,1.54,4.55,5.4,1.3,3.4,1.01,11.0,1.17,3.9,1.65,2.1,1.75,2.0,1.14,1.21,2.45,2.33,2.33,1.7,1.53,3.23,1.45,6.75,2.8,1.21,3.7,1.4,2.7,1.64,2.1,1.98,1.72,2.5,1.46
England EFL League One,2024-09-28,11:00:00,8,Bristol Rovers,Wycombe Wanderers,3.4,2.2,3.1,2.88,3.48,2.38,1.4,2.75,1.06,8.5,1.24,3.26,1.85,1.85,1.7,2.05,1.53,1.25,1.4,2.0,1.33,1.24,1.46,2.7,1.95,6.4,1.92,1.24,3.55,1.43,2.55,1.72,1.98,2.1,1.64,2.65,1.41
England EFL League One,2024-09-28,11:00:00,8,Cambridge United,Lincoln City,4.0,2.1,2.88,3.28,3.4,2.19,1.44,2.63,1.04,8.5,1.33,3.0,1.8,1.9,1.8,1.95,1.7,1.25,1.33,0.5,2.33,1.42,0.92,2.34,2.12,6.25,1.79,1.3,3.15,1.5,2.33,1.84,1.84,2.3,1.54,2.95,1.33
England EFL League One,2024-09-28,11:00:00,8,Leyton Orient,Wrexham,3.6,2.2,2.88,2.79,3.44,2.46,1.36,3.0,1.02,10.0,1.25,3.6,1.8,1.9,1.67,2.1,1.62,1.28,1.35,0.33,1.33,1.36,1.03,2.39,2.08,6.4,1.79,1.24,3.55,1.44,2.55,1.71,2.0,2.1,1.63,2.65,1.41
England EFL League One,2024-09-28,11:00:00,8,Northampton Town,Mansfield Town,3.4,2.25,3.0,2.83,3.6,2.36,1.33,3.25,1.03,13.0,1.19,3.66,1.85,1.85,1.57,2.25,1.57,1.33,1.4,1.33,1.5,1.19,1.26,2.45,2.0,6.1,1.89,1.33,2.95,1.56,2.23,1.92,1.77,2.43,1.48,3.15,1.29
England EFL League One,2024-09-28,11:00:00,8,Shrewsbury Town,Rotherham United,4.0,2.1,2.75,3.52,3.5,2.06,1.4,2.75,1.03,9.0,1.3,3.2,1.8,1.9,1.75,2.0,1.75,1.25,1.33,1.0,0.33,1.22,1.6,2.82,2.1,6.4,1.78,1.2,3.9,1.37,2.8,1.61,2.15,1.96,1.73,2.48,1.47
England EFL League One,2024-09-28,11:00:00,8,Stevenage,Charlton Athletic,3.4,2.1,3.25,2.6,3.24,2.76,1.44,2.63,1.03,9.0,1.29,3.3,1.91,1.8,1.8,1.95,1.48,1.28,1.45,2.0,2.0,1.2,0.92,2.12,1.73,6.4,2.18,1.2,3.9,1.36,2.8,1.58,2.17,1.93,1.76,2.4,1.49
England EFL League One,2024-09-28,11:00:00,8,Wigan Athletic,Exeter City,2.63,2.2,4.0,2.23,3.4,3.2,1.4,2.75,1.03,9.0,1.3,3.2,1.9,1.8,1.75,2.0,1.25,1.25,1.77,1.33,1.0,0.73,1.06,1.79,1.63,6.5,2.38,1.2,3.95,1.35,2.9,1.58,2.18,1.92,1.77,2.4,1.49
England EFL League Two,2024-09-28,11:00:00,8,Morecambe,Notts County,4.33,2.4,2.3,4.1,3.98,1.74,1.29,3.5,1.02,17.0,1.14,4.15,1.6,2.25,1.57,2.25,1.98,1.23,1.21,0.33,2.33,1.28,1.2,2.48,2.53,7.5,1.75,1.18,4.33,1.33,3.0,1.5,2.4,1.88,1.82,2.05,1.7
England Championship,2024-09-28,11:00:00,7,Hull City,Cardiff City,2.6,2.2,4.33,1.88,3.68,3.98,1.4,2.75,1.01,8.1,1.25,3.2,1.95,1.76,1.83,1.83,1.26,1.24,1.9,0.67,0.33,1.37,1.12,2.49,1.46,7.0,2.95,1.18,4.24,1.38,2.88,1.68,2.17,2.08,1.75,2.67,1.45
England EFL League Two,2024-09-28,11:00:00,8,Port Vale,Swindon Town,2.5,2.25,4.33,1.87,3.6,3.88,1.36,3.0,1.03,12.0,1.25,3.75,1.8,1.91,1.73,2.0,1.22,1.22,1.9,1.33,1.0,1.3,1.13,2.43,1.69,8.0,2.54,1.25,3.6,1.42,2.62,1.7,2.05,2.1,1.67,2.62,1.42
England Championship,2024-09-28,11:00:00,7,Leeds United,Coventry City,2.1,2.4,5.5,1.58,4.3,5.25,1.3,3.4,1.03,15.0,1.2,4.5,1.76,1.95,1.73,2.0,1.15,1.18,2.5,1.33,0.67,1.79,1.09,2.88,1.49,7.0,2.8,1.13,4.99,1.3,3.28,1.55,2.4,1.9,1.9,2.38,1.56
England Championship,2024-09-28,11:00:00,7,Millwall,Preston North End,2.63,2.0,5.0,1.85,3.42,4.5,1.53,2.38,1.03,6.65,1.39,2.54,2.05,1.69,2.2,1.62,1.22,1.28,1.92,1.0,0.33,1.39,0.93,2.32,1.66,6.4,2.48,1.27,3.48,1.52,2.47,1.88,1.92,2.38,1.57,3.18,1.32
England Championship,2024-09-28,11:00:00,7,Oxford United,Burnley,4.0,2.2,2.63,3.58,3.6,2.01,1.36,3.0,1.05,12.0,1.3,3.6,1.76,1.95,1.73,2.0,1.83,1.25,1.3,3.0,2.0,1.32,0.94,2.26,2.23,6.75,1.77,1.19,4.16,1.4,2.84,1.7,2.15,2.1,1.73,2.71,1.44
England Championship,2024-09-28,11:00:00,7,Portsmouth,Sheffield United,4.5,2.25,2.4,4.05,3.78,1.84,1.36,3.0,1.04,13.0,1.28,3.75,1.76,1.95,1.8,1.91,2.0,1.22,1.24,0.33,2.33,1.1,1.2,2.3,2.23,6.75,1.75,1.15,4.58,1.34,3.06,1.62,2.28,2.0,1.8,2.52,1.5
England Championship,2024-09-28,11:00:00,7,Watford,Sunderland,3.25,2.1,3.2,2.88,3.42,2.41,1.4,2.75,1.05,11.0,1.33,3.4,1.85,1.85,1.8,1.91,1.53,1.28,1.48,2.33,2.0,1.74,1.36,3.1,1.84,6.75,2.15,1.19,4.09,1.41,2.8,1.72,2.13,2.13,1.72,2.75,1.42
Scotland Premiership,2024-09-28,11:00:00,6,Dundee,Aberdeen,3.5,2.1,3.2,3.25,3.52,2.16,1.44,2.63,1.04,12.0,1.36,3.2,2.05,1.69,1.91,1.91,1.55,1.25,1.45,2.0,3.0,1.5,1.42,2.92,1.93,6.5,1.95,1.2,3.95,1.35,2.9,1.58,2.2,1.92,1.77,2.4,1.49
Scotland Premiership,2024-09-28,11:00:00,6,Hearts,Ross County,2.3,2.25,5.0,1.66,4.05,4.85,1.36,3.0,1.04,12.0,1.28,3.6,1.85,1.85,1.91,1.91,1.17,1.2,2.25,0.5,0.5,1.25,0.84,2.09,1.41,7.0,2.95,1.16,4.4,1.29,3.15,1.49,2.4,1.77,1.92,2.17,1.6
Scotland Premiership,2024-09-28,11:00:00,6,Kilmarnock,Dundee United,3.1,2.05,3.75,2.22,3.32,3.32,1.44,2.63,1.08,8.5,1.4,3.0,2.14,1.63,1.91,1.91,1.33,1.3,1.66,0.5,2.0,1.32,1.1,2.42,1.76,6.5,2.15,1.19,4.1,1.34,2.9,1.57,2.23,1.91,1.78,2.38,1.5
Scotland Premiership,2024-09-28,11:00:00,6,Motherwell,St. Mirren,3.0,2.1,3.6,2.23,3.38,3.22,1.4,2.75,1.01,8.1,1.27,3.08,1.95,1.76,1.75,2.0,1.4,1.32,1.58,2.0,0.5,1.45,1.35,2.8,1.86,6.4,2.0,1.18,4.1,1.34,2.9,1.57,2.23,2.0,1.8,2.35,1.5
Greece Super League,2024-09-28,11:00:00,6,Volos NFC,Kallithea,3.0,2.05,3.75,2.35,3.25,2.8,1.44,2.63,1.02,7.3,1.33,2.77,2.0,1.72,1.95,1.8,1.35,1.33,1.64,0.0,0.67,1.17,0.83,2.0,1.99,6.2,2.33,1.44,2.51,1.85,1.95,2.34,1.5,3.08,1.26,4.0,1.2
Finland Veikkausliiga,2024-09-28,11:00:00,3,Mariehamn,EIF,2.23,2.29,4.8,1.68,3.9,4.57,1.33,3.14,1.01,11.0,1.19,3.68,1.72,2.01,1.73,2.03,1.19,1.25,2.16,1.18,0.67,1.38,1.24,2.62,1.67,7.5,2.75,1.27,3.55,1.5,2.48,1.9,1.9,2.45,1.5,3.4,1.29
England EFL League Two,2024-09-28,11:00:00,8,Newport County,Crewe Alexandra,3.75,2.2,2.88,3.48,3.48,2.02,1.4,2.75,1.02,10.0,1.29,3.3,1.93,1.93,1.73,2.0,1.65,1.28,1.33,2.0,2.0,0.82,1.06,1.88,2.3,7.0,1.85,1.25,3.6,1.35,2.95,1.7,2.05,2.1,1.65,2.75,1.4
Spain Segunda División,2024-09-28,11:15:00,7,Cádiz,CD Eldense,2.1,2.1,5.7,1.61,3.5,4.6,1.45,2.5,1.04,7.8,1.35,2.9,2.15,1.57,2.05,1.67,1.07,1.27,2.25,0.67,0.5,1.25,1.05,2.3,1.37,9.0,3.83,1.38,2.88,1.7,2.05,2.05,1.7,2.93,1.37,4.15,1.21
Spain Segunda División,2024-09-28,11:15:00,7,Mirandés,SD Huesca,3.25,1.83,4.0,2.25,2.8,3.2,1.6,2.2,1.11,6.5,1.61,2.05,2.94,1.35,2.2,1.62,1.35,1.44,1.5,2.33,2.0,1.04,1.14,2.18,1.85,7.5,2.33,1.38,2.88,1.7,2.05,2.05,1.7,2.93,1.37,4.15,1.21
Spain La Liga,2024-09-28,11:15:00,8,Rayo Vallecano,Leganés,2.75,1.91,5.5,1.91,3.0,4.75,1.62,2.2,1.08,6.5,1.61,2.34,3.0,1.4,2.38,1.53,1.2,1.32,1.88,1.33,0.75,1.48,0.67,2.15,1.4,6.75,3.3,1.41,2.65,1.67,2.05,2.07,1.65,2.65,1.4,3.45,1.25
Portugal Liga NOS,2024-09-28,11:30:00,7,Estrela Amadora,Moreirense FC,3.6,2.0,3.3,2.6,3.25,2.45,1.49,2.5,1.08,8.5,1.45,2.7,2.12,1.67,2.0,1.8,1.52,1.3,1.45,0.33,1.0,1.33,1.26,2.59,1.7,6.4,2.28,1.3,3.05,1.53,2.28,1.87,1.8,2.35,1.5,3.05,1.3
Netherlands Eerste Divisie,2024-09-28,11:30:00,8,Telstar,Den Bosch,2.45,2.2,3.95,1.92,3.66,3.8,1.33,3.0,1.05,9.5,1.22,4.0,1.7,2.05,1.62,2.1,1.25,1.22,1.85,1.33,2.0,1.86,1.52,3.38,1.41,9.5,3.22,1.14,5.67,1.3,3.35,1.55,2.37,1.92,1.88,2.41,1.54
Netherlands Eredivisie,2024-09-28,11:30:00,7,Willem II,PSV,7.5,3.0,1.62,7.6,6.55,1.29,1.2,4.33,1.01,34.0,1.06,5.75,1.33,3.15,1.75,2.0,3.75,1.12,1.05,2.0,3.0,1.25,2.26,3.51,4.1,7.5,1.28,1.25,3.4,1.44,2.55,1.73,1.96,2.15,1.61,2.7,1.38
Austria Bundesliga,2024-09-28,12:00:00,8,Rapid Wien,LASK Linz,2.4,2.4,4.0,2.22,3.33,3.23,1.29,3.5,1.02,17.0,1.18,5.0,1.68,2.07,1.53,2.38,1.25,1.2,1.95,3.0,1.0,1.72,1.31,3.03,1.45,9.0,3.19,1.18,3.65,1.45,2.55,1.7,2.05,2.1,1.65,2.82,1.31
Sweden Superettan,2024-09-28,12:00:00,25,Örgryte,Varberg,2.62,2.39,3.71,2.08,3.62,3.2,1.33,2.95,1.03,9.0,1.16,3.96,1.65,2.2,1.57,2.3,1.33,1.29,1.7,1.42,1.0,1.65,1.42,3.07,1.49,7.0,2.65,1.13,4.9,1.24,3.55,1.42,2.65,1.66,2.07,1.98,1.72
Sweden Superettan,2024-09-28,12:00:00,25,Brage,Sandviken,2.7,2.25,3.4,1.98,3.73,3.35,1.28,3.44,1.01,13.0,1.14,4.8,1.61,2.27,1.5,2.55,1.36,1.28,1.66,1.75,0.92,1.76,1.47,3.23,1.71,6.75,2.2,1.17,4.4,1.29,3.15,1.49,2.4,1.78,1.91,2.18,1.58
France Ligue 1,2024-09-28,12:00:00,6,Lens,Nice,2.75,2.1,4.33,1.77,3.57,4.3,1.44,2.63,1.04,8.5,1.3,3.3,1.98,1.74,1.91,1.91,1.23,1.29,1.78,2.0,1.0,1.83,1.25,3.08,1.57,6.4,2.7,1.4,2.65,1.71,2.0,2.14,1.62,2.8,1.37,3.65,1.22
Austria Bundesliga,2024-09-28,12:00:00,8,Salzburg,Austria Wien,1.83,2.75,5.5,1.43,4.57,7.1,1.2,4.33,1.01,17.0,1.1,6.5,1.36,2.99,1.57,2.25,1.09,1.12,3.0,3.0,0.5,2.5,1.49,3.99,1.45,9.0,3.28,1.21,3.44,1.5,2.4,1.82,1.98,2.2,1.6,2.94,1.28
Austria Bundesliga,2024-09-28,12:00:00,8,Blau-Weiß Linz,Sturm Graz,4.33,2.25,2.5,3.85,3.45,1.96,1.36,3.0,1.04,12.0,1.25,3.75,1.68,2.07,1.67,2.1,1.83,1.25,1.28,3.0,1.33,1.32,1.07,2.39,1.95,8.0,2.1,1.21,3.44,1.5,2.4,1.82,1.98,2.2,1.6,2.94,1.28
Slovenia PrvaLiga,2024-09-28,12:30:00,10,Bravo,Celje,3.75,2.1,2.8,2.86,3.4,2.17,1.41,2.77,1.03,9.0,1.29,3.3,2.0,1.72,1.73,2.0,1.55,1.28,1.28,2.5,1.25,1.28,1.52,2.8,0.0,0.0,0.0,1.25,3.6,1.42,2.62,1.7,2.05,2.1,1.67,2.62,1.42
Croatia Prva HNL,2024-09-28,12:30:00,8,Gorica,Slaven Koprivnica,3.4,2.05,3.25,2.63,3.1,2.55,1.47,2.5,1.05,8.0,1.3,3.2,2.1,1.7,1.83,1.83,1.4,1.28,1.52,1.25,0.0,1.08,1.36,2.44,2.1,6.8,2.1,1.36,2.9,1.95,1.85,2.07,1.72,3.05,1.33,3.6,1.25
Poland Ekstraklasa,2024-09-28,12:30:00,10,Motor Lublin,Śląsk Wrocław,3.25,2.1,3.4,2.55,3.25,2.63,1.42,2.6,1.06,8.5,1.36,3.1,2.0,1.8,1.8,1.95,1.4,1.35,1.4,1.33,0.2,1.58,1.19,2.77,1.69,8.0,2.54,1.21,3.7,1.4,2.75,2.2,1.95,2.25,1.57,3.0,1.34
Switzerland Super League,2024-09-28,13:00:00,8,Servette,Lausanne Sport,2.43,2.44,4.15,1.84,3.93,3.8,1.3,3.2,1.04,10.0,1.2,4.33,1.54,2.31,1.53,2.3,1.25,1.22,1.9,2.0,0.33,2.03,1.48,3.51,1.51,8.5,3.07,1.17,4.5,1.28,3.35,1.57,2.33,1.9,1.9,2.43,1.53
Sweden Superettan,2024-09-28,13:00:00,25,Örebro,Landskrona,2.96,2.33,3.33,2.38,3.45,2.78,1.33,3.25,1.04,11.3,1.18,3.74,1.71,2.1,1.6,2.25,1.4,1.3,1.53,1.83,1.75,1.65,1.65,3.3,1.82,6.25,2.08,1.33,3.55,1.3,2.88,1.56,2.16,1.98,1.74,2.49,1.42
Italy Serie A,2024-09-28,13:00:00,6,Genoa,Juventus,5.5,2.05,2.5,4.42,3.25,1.83,1.5,2.5,1.08,8.5,1.44,2.8,2.22,1.59,2.1,1.67,2.09,1.33,1.19,0.67,2.0,1.48,1.21,2.69,2.9,6.75,1.5,1.34,2.9,1.58,2.18,2.0,1.8,2.48,1.46,3.3,1.27
Romania Liga I,2024-09-28,13:00:00,11,CFR Cluj,UTA Arad,1.95,2.25,6.0,1.48,4.05,6.0,1.36,2.98,1.02,10.0,1.28,3.5,1.85,1.85,2.05,1.72,1.08,1.19,2.71,1.67,0.75,1.79,1.19,2.98,1.3,9.5,4.44,1.18,3.72,1.38,2.62,2.0,1.8,2.15,1.68,2.73,1.33
Switzerland Super League,2024-09-28,13:00:00,8,Yverdon Sport,St. Gallen,4.0,2.55,2.23,3.85,4.17,1.79,1.19,4.2,1.01,25.0,1.11,6.1,1.39,2.77,1.38,2.85,1.97,1.21,1.22,1.33,1.33,1.17,1.6,2.77,2.66,8.5,1.64,1.09,4.95,1.31,3.1,1.49,2.53,1.82,1.98,2.22,1.62
Turkey Süper Lig,2024-09-28,13:00:00,7,Alanyaspor,Rizespor,2.63,2.25,3.75,2.04,3.2,3.35,1.36,3.0,1.03,9.5,1.21,3.5,1.81,1.91,1.67,2.1,1.35,1.33,1.8,1.0,1.5,1.42,1.01,2.43,1.74,5.8,2.2,1.44,2.55,1.75,1.95,2.23,1.57,2.9,1.35,3.9,1.2
Turkey Süper Lig,2024-09-28,13:00:00,7,Galatasaray,Kasımpaşa,1.58,3.2,8.14,1.26,5.75,8.0,1.18,4.55,1.01,37.5,1.04,6.25,1.32,3.21,1.68,2.11,1.05,1.11,3.75,3.0,2.0,2.34,1.39,3.73,1.16,8.0,4.9,1.24,3.55,1.41,2.63,1.68,2.02,2.08,1.65,2.65,1.41
Norway Eliteserien,2024-09-28,13:00:00,24,Haugesund,Brann,4.33,2.3,2.3,3.7,3.75,1.88,1.3,3.2,1.01,11.0,1.14,4.8,1.64,2.12,1.6,2.38,1.9,1.27,1.24,1.18,1.82,1.37,1.55,2.92,2.88,9.0,1.53,1.13,5.0,1.25,3.6,1.34,3.0,1.61,2.17,2.05,1.7
Wales Welsh Premier League,2024-09-28,13:15:00,10,Caernarfon Town,Connah's Quay,3.5,2.38,2.5,2.95,3.5,2.08,1.29,3.5,1.03,9.0,1.18,4.5,1.58,2.23,1.53,2.38,1.62,1.22,1.35,1.0,1.75,1.13,1.89,3.02,0.0,0.0,0.0,1.17,4.5,1.3,3.2,1.5,2.4,1.8,1.91,2.25,1.57
Belgium Pro League,2024-09-28,13:15:00,9,Standard Liège,KVC Westerlo,3.2,2.1,3.0,2.79,3.55,2.38,1.33,3.0,1.02,10.0,1.25,3.6,1.72,2.0,1.65,2.1,1.5,1.25,1.44,2.0,1.0,1.04,1.48,2.52,2.05,8.0,2.0,1.21,4.15,1.5,2.43,1.9,1.9,2.45,1.5,2.85,1.39
Spain Segunda División,2024-09-28,13:30:00,7,Sporting Gijón,Real Zaragoza,2.95,1.93,3.7,2.28,2.85,3.35,1.52,2.35,1.08,6.2,1.49,2.43,2.5,1.47,2.05,1.67,1.3,1.4,1.47,1.33,1.75,1.44,1.42,2.86,1.75,8.0,2.52,1.31,3.3,1.59,2.25,2.0,1.8,2.54,1.47,3.55,1.27
England Premier League,2024-09-28,13:30:00,6,Wolverhampton Wanderers,Liverpool,6.5,2.75,1.8,5.9,3.95,1.52,1.22,4.0,1.01,25.0,1.09,5.05,1.58,2.23,1.7,2.05,3.2,1.14,1.08,0.0,3.0,1.42,1.5,2.92,4.1,8.0,1.26,1.15,4.6,1.27,3.3,1.46,2.5,1.72,1.98,2.08,1.65
Finland Veikkausliiga,2024-09-28,13:30:00,3,HJK,Ilves,2.78,2.29,3.38,2.28,3.56,2.83,1.31,3.28,1.01,11.0,1.16,4.05,1.7,2.1,1.55,2.36,1.42,1.28,1.62,2.25,1.45,1.94,1.56,3.5,1.97,7.5,2.18,1.12,4.4,1.3,3.3,1.55,2.38,1.98,1.82,2.5,1.49
Germany Bundesliga,2024-09-28,13:30:00,5,Bayern München,Bayer Leverkusen,2.2,2.63,4.0,1.73,4.4,3.8,1.2,4.33,1.01,29.0,1.05,6.1,1.31,3.27,1.4,2.75,1.22,1.17,2.1,3.0,3.0,1.17,2.29,3.46,1.57,6.5,2.65,1.26,3.4,1.48,2.45,1.9,1.9,2.23,1.57,2.8,1.36
Spain La Liga,2024-09-28,13:30:00,8,Real Sociedad,Valencia CF,2.63,1.95,5.5,1.9,3.25,4.5,1.57,2.25,1.1,6.5,1.5,2.55,2.63,1.5,2.2,1.62,1.2,1.28,1.85,0.0,0.0,1.11,0.9,2.01,1.4,7.0,3.3,1.38,2.7,1.65,2.08,2.05,1.67,2.63,1.41,3.45,1.25
Scotland Premiership,2024-09-28,13:45:00,6,St. Johnstone,Celtic,10.0,2.75,1.62,9.0,6.4,1.2,1.25,3.75,1.01,17.0,1.16,5.0,1.45,2.65,2.1,1.67,4.33,1.08,1.04,0.0,3.0,1.42,1.78,3.2,3.9,8.0,1.24,1.19,4.0,1.34,2.9,1.57,2.23,1.9,1.79,2.33,1.5
Netherlands Eredivisie,2024-09-28,13:45:00,7,NEC,Feyenoord,5.0,2.5,2.05,5.8,4.5,1.49,1.29,3.5,1.03,19.25,1.12,4.45,1.6,2.33,1.62,2.2,2.38,1.21,1.16,1.0,1.67,1.55,1.84,3.39,2.9,7.0,1.49,1.21,3.8,1.37,2.8,1.63,2.12,1.98,1.82,2.48,1.47
Bulgaria First League,2024-09-28,14:00:00,10,Cherno More,CSKA Sofia,3.2,2.0,3.75,2.55,3.05,2.55,1.5,2.5,1.03,6.7,1.42,2.65,2.45,1.48,2.0,1.73,1.38,1.3,1.44,2.2,0.75,2.04,1.8,3.84,1.86,6.4,2.43,1.22,3.35,1.51,2.45,1.9,1.92,2.35,1.56,3.02,1.27
Czech Republic First League,2024-09-28,14:00:00,10,Jablonec,Hradec Králové,2.88,2.0,3.6,2.35,3.05,3.05,1.45,2.6,1.05,8.0,1.29,3.3,1.98,1.77,1.8,2.0,1.38,1.28,1.55,1.33,0.0,1.53,0.89,2.42,1.82,8.0,2.33,1.16,4.9,1.27,3.04,1.52,2.44,1.87,1.93,2.33,1.57
France Ligue 1,2024-09-28,14:00:00,6,Le Havre,Lille,5.0,2.1,2.4,4.35,3.65,1.78,1.44,2.63,1.06,11.0,1.35,3.25,2.0,1.81,1.95,1.8,2.05,1.24,1.22,1.5,1.5,1.41,1.88,3.29,2.65,6.4,1.58,1.43,2.55,1.75,1.95,2.2,1.58,2.9,1.35,3.8,1.21
Portugal LigaPro,2024-09-28,14:00:00,6,Portimonense,FC Penafiel,2.75,2.25,3.75,2.02,3.55,3.2,1.36,3.0,1.01,7.9,1.25,3.75,1.75,1.9,1.62,2.2,1.33,1.22,1.72,1.5,3.0,1.23,1.47,2.7,1.59,7.1,2.98,1.09,4.9,1.22,3.34,1.48,2.47,1.82,1.98,2.32,1.54
Greece Super League,2024-09-28,14:00:00,6,Asteras Tripolis,Levadiakos,2.5,2.05,5.0,1.8,3.3,4.3,1.44,2.63,1.03,6.95,1.36,2.65,2.23,1.58,2.0,1.75,1.21,1.31,1.96,0.0,0.5,1.97,1.07,3.04,1.62,6.5,3.18,1.46,2.45,1.9,1.9,2.4,1.48,3.22,1.24,4.5,1.17
Portugal Liga NOS,2024-09-28,14:00:00,7,Casa Pia,Vitória Guimarães,4.5,1.95,2.6,4.1,3.35,1.79,1.5,2.4,1.08,7.5,1.42,2.8,2.35,1.55,2.0,1.73,1.83,1.28,1.22,1.0,2.0,1.27,1.41,2.68,2.7,6.75,1.48,1.18,4.1,1.3,3.05,1.52,2.3,1.92,1.88,2.25,1.54
Uruguay Primera División,2024-09-28,15:00:00,5,Cerro Largo,Cerro,2.88,1.83,4.5,2.15,3.0,3.6,1.58,2.29,1.08,6.5,1.5,2.45,2.46,1.48,2.2,1.62,1.24,1.32,1.65,1.1,0.92,1.38,0.89,2.27,1.91,7.5,2.2,1.31,3.15,1.7,2.05,2.07,1.67,2.75,1.4,3.4,1.29
Austria 2. Liga,2024-09-28,15:00:00,8,Sturm Graz II,Voitsberg,2.75,2.5,3.0,2.7,3.75,2.25,1.24,3.7,1.01,17.0,1.08,5.25,1.41,2.69,1.4,2.75,1.57,1.2,1.47,1.33,0.33,1.45,1.13,2.58,1.93,6.45,2.31,1.2,3.54,1.4,2.75,2.25,2.0,2.25,1.57,3.0,1.34
France Ligue 2,2024-09-28,15:00:00,7,Troyes,Metz,3.75,2.0,2.75,3.5,3.4,1.95,1.42,2.62,1.05,8.0,1.29,3.3,2.07,1.72,1.87,1.9,1.67,1.25,1.3,0.0,3.0,1.33,1.3,2.63,2.1,8.0,1.91,1.3,3.35,1.55,2.38,1.95,1.85,2.6,1.46,3.6,1.26
Croatia Prva HNL,2024-09-28,15:00:00,8,Dinamo Zagreb,Lokomotiva Zagreb,1.67,2.75,9.5,1.22,6.5,9.0,1.28,3.44,1.01,13.0,1.14,4.8,1.5,2.5,2.1,1.67,1.02,1.11,4.0,2.25,1.33,1.94,1.6,3.54,1.3,8.7,4.86,1.29,3.4,1.48,2.5,2.2,2.01,2.23,1.62,2.8,1.38
Norway Eliteserien,2024-09-28,15:00:00,24,Sarpsborg 08,Fredrikstad,2.88,2.25,3.5,2.25,3.45,2.8,1.33,3.25,1.02,10.0,1.18,3.78,1.71,2.15,1.62,2.2,1.41,1.28,1.63,1.0,1.55,1.57,1.17,2.74,1.73,8.5,2.38,1.1,4.75,1.24,3.22,1.48,2.4,2.0,1.8,2.3,1.52
Argentina Primera División,2024-09-28,15:00:00,16,San Lorenzo,Banfield,2.88,1.83,5.5,2.05,2.88,4.75,1.62,2.2,1.06,5.8,1.52,2.35,3.1,1.36,2.5,1.5,1.24,1.36,1.78,1.0,1.13,1.38,1.32,2.7,1.59,8.5,2.74,1.36,2.8,1.65,2.08,2.1,1.64,2.8,1.37,3.85,1.21
Slovenia PrvaLiga,2024-09-28,15:15:00,10,Primorje,Olimpija,0.0,0.0,0.0,8.7,5.15,1.28,0.0,0.0,0.0,0.0,0.0,0.0,1.6,2.2,0.0,0.0,0.0,0.0,0.0,1.5,2.0,1.05,1.81,2.86,0.0,0.0,0.0,0.0,0.0,0.0,0.0,0.0,0.0,0.0,0.0,0.0,0.0
Poland Ekstraklasa,2024-09-28,15:15:00,10,Legia Warszawa,Górnik Zabrze,2.25,2.2,5.5,1.58,3.85,5.2,1.35,2.95,1.05,9.5,1.25,3.8,1.83,1.93,2.0,1.75,1.14,1.2,2.3,1.8,0.8,1.53,1.25,2.78,1.23,9.5,5.4,1.27,3.2,1.5,2.3,2.38,1.8,2.43,1.46,3.3,1.26
Switzerland Super League,2024-09-28,15:30:00,8,Young Boys,Grasshopper,1.95,2.45,5.0,1.55,4.3,4.75,1.25,3.5,1.02,20.0,1.17,5.0,1.48,2.47,1.57,2.2,1.14,1.15,2.45,0.67,0.0,1.42,1.21,2.63,1.55,8.5,2.91,1.07,5.5,1.18,3.7,1.38,2.71,2.0,1.8,2.17,1.67
Romania Liga I,2024-09-28,15:30:00,11,Rapid Bucureşti,Oţelul Galaţi,2.4,2.1,4.5,1.86,3.3,4.1,1.43,2.65,1.01,7.6,1.33,3.1,2.2,1.64,1.9,1.83,1.17,1.22,1.95,0.75,1.8,1.43,1.27,2.7,1.59,8.0,2.9,1.28,2.97,1.62,2.28,2.01,1.78,2.56,1.4,3.44,1.21
Germany 2. Bundesliga,2024-09-28,15:30:00,7,Preußen Münster,Schalke 04,3.2,2.25,2.75,2.95,3.7,2.16,1.26,3.64,1.04,10.0,1.11,4.6,1.55,2.3,1.44,2.5,1.62,1.27,1.4,0.67,0.33,1.4,1.36,2.76,2.1,8.0,1.95,1.23,3.28,1.48,2.4,1.9,1.9,2.38,1.49,3.08,1.26
Italy Serie A,2024-09-28,15:45:00,6,Bologna,Atalanta,3.4,2.1,3.1,2.8,3.4,2.4,1.4,2.75,1.04,8.5,1.3,3.3,2.0,1.82,1.75,2.0,1.6,1.35,1.32,1.0,1.0,1.78,1.69,3.47,2.1,6.25,1.9,1.36,2.8,1.63,2.1,2.04,1.68,2.63,1.41,3.45,1.25
Belgium Pro League,2024-09-28,15:45:00,9,FCV Dender EH,RSC Anderlecht,3.76,2.38,2.68,2.85,3.5,2.23,1.33,3.0,1.05,9.5,1.22,4.0,1.76,2.07,1.55,2.25,1.65,1.25,1.35,1.0,2.33,1.21,1.37,2.58,2.1,7.5,1.95,1.38,2.71,1.75,2.05,2.15,1.59,2.82,1.31,4.0,1.15
England EFL League One,2024-09-28,15:45:00,8,Barnsley,Stockport County,2.88,2.25,3.5,2.17,3.3,3.1,1.33,3.25,1.03,13.0,1.18,3.72,1.88,1.84,1.57,2.25,1.36,1.28,1.69,1.33,1.67,1.71,1.37,3.08,1.79,6.4,2.1,1.29,3.15,1.5,2.35,1.83,1.85,2.3,1.54,2.95,1.33
Spain La Liga,2024-09-28,16:00:00,8,CA Osasuna,FC Barcelona,6.07,2.73,1.89,7.0,4.33,1.48,1.25,3.75,1.02,20.5,1.17,5.2,1.53,2.5,1.67,2.1,2.65,1.2,1.14,2.5,3.0,1.49,1.85,3.34,3.05,6.75,1.47,1.3,3.15,1.52,2.33,2.0,1.8,2.3,1.54,2.9,1.34
Netherlands Eredivisie,2024-09-28,16:00:00,7,Sparta Rotterdam,Fortuna Sittard,2.4,2.2,4.75,1.83,3.7,4.25,1.36,3.0,1.02,10.5,1.25,3.6,1.86,1.89,1.8,1.95,1.18,1.27,1.95,0.67,1.0,1.49,0.99,2.48,1.64,8.5,2.64,1.28,3.25,1.48,2.45,1.77,1.92,2.2,1.57,2.8,1.36
France Ligue 1,2024-09-28,16:00:00,6,Monaco,Montpellier,1.8,2.75,6.5,1.32,5.4,8.0,1.22,4.0,1.01,23.0,1.08,5.25,1.52,2.55,1.7,2.05,1.06,1.12,3.25,2.33,0.0,1.35,1.03,2.38,1.23,8.0,4.6,1.3,3.05,1.53,2.3,1.86,1.82,2.33,1.52,3.05,1.32
Spain Segunda División,2024-09-28,16:00:00,7,Málaga CF,Elche CF,3.4,2.02,3.74,2.55,2.9,2.85,1.52,2.52,1.07,6.5,1.4,2.7,2.38,1.52,1.93,1.75,1.37,1.32,1.47,2.33,0.0,1.35,1.12,2.47,1.95,7.5,2.1,1.34,3.07,1.7,2.05,2.1,1.67,2.75,1.42,3.82,1.24
Portugal LigaPro,2024-09-28,16:30:00,6,CD Tondela,Academico Viseu,3.4,2.05,3.4,2.5,3.2,2.5,1.44,2.63,1.02,7.3,1.36,2.95,2.13,1.66,1.83,1.83,1.45,1.3,1.47,1.0,2.0,1.2,1.36,2.56,1.88,6.55,2.38,1.18,4.33,1.33,3.0,1.57,2.25,1.9,1.9,2.3,1.55
Portugal Liga NOS,2024-09-28,16:30:00,7,Benfica,Gil Vicente,1.57,2.88,9.5,1.14,6.75,14.0,1.22,4.0,1.01,25.0,1.14,5.45,1.42,2.65,2.05,1.7,1.05,1.1,4.4,3.0,0.67,2.26,0.88,3.14,1.14,9.5,5.4,1.23,3.55,1.41,2.63,1.66,2.02,2.04,1.66,2.55,1.43
Brazil Serie B,2024-09-28,17:00:00,29,Vila Nova,Botafogo SP,2.4,2.0,6.0,1.65,3.35,5.6,1.5,2.5,1.09,7.0,1.5,2.4,2.2,1.61,2.38,1.53,1.13,1.25,2.15,2.57,0.92,1.35,1.27,2.62,1.67,7.7,2.76,1.22,4.0,1.41,2.75,2.2,2.04,2.23,1.61,3.0,1.36
Chile Primera División,2024-09-28,17:30:00,26,Everton,Cobreloa,2.1,2.4,5.5,1.62,3.8,5.25,1.3,3.4,1.01,13.0,1.18,3.68,1.73,2.02,1.73,2.0,1.13,1.21,2.34,1.42,0.58,1.67,1.03,2.7,1.45,9.0,3.28,1.21,3.65,1.41,2.7,1.7,2.05,2.05,1.7,2.95,1.35
Argentina Primera División,2024-09-28,17:30:00,16,Estudiantes,Defensa y Justicia,2.4,2.0,6.0,1.73,3.5,5.5,1.5,2.5,1.06,7.5,1.36,2.88,2.35,1.57,2.2,1.62,1.2,1.26,2.0,1.13,0.8,1.52,1.27,2.79,1.45,9.0,3.1,1.36,2.85,1.64,2.1,2.08,1.65,2.75,1.38,3.85,1.21
Uruguay Primera División,2024-09-28,17:30:00,5,Miramar Misiones,Rampla Juniors,2.8,2.0,4.0,2.07,3.2,3.2,1.44,2.6,1.05,8.0,1.33,3.0,2.08,1.67,1.8,1.91,1.3,1.33,1.73,0.83,1.0,1.27,1.02,2.29,1.8,8.0,2.38,1.4,2.75,1.7,2.05,2.3,1.55,3.1,1.32,3.8,1.22
Argentina Primera División,2024-09-28,17:30:00,16,Godoy Cruz,Huracán,3.5,1.8,4.0,2.63,2.8,3.2,1.67,2.1,1.12,5.78,1.6,2.2,3.1,1.36,2.38,1.53,1.4,1.36,1.5,1.29,1.8,1.24,1.26,2.5,1.82,7.5,2.4,1.4,2.85,1.92,1.88,2.22,1.64,3.0,1.36,4.3,1.2
Brazil Serie B,2024-09-28,18:00:00,29,Santos,Operário PR,2.1,2.1,8.0,1.45,3.75,8.5,1.5,2.5,1.08,7.5,1.44,2.75,2.28,1.56,2.63,1.44,1.06,1.2,2.65,2.0,1.08,1.81,1.26,3.07,1.31,8.9,4.66,1.22,3.8,1.3,3.3,1.91,2.38,1.98,1.82,2.5,1.49
Paraguay Division Profesional,2024-09-28,18:00:00,13,Olimpia,General Caballero JLM,2.25,2.1,6.0,1.55,3.8,6.0,1.45,2.5,1.06,7.2,1.33,3.0,2.1,1.68,2.1,1.67,1.1,1.22,2.1,1.79,1.06,1.52,1.4,2.92,1.44,8.5,3.25,1.29,3.3,1.7,2.05,2.38,1.7,2.25,1.57,2.9,1.36
Brazil Serie A,2024-09-28,18:30:00,28,Palmeiras,Atlético Mineiro,2.1,2.25,6.0,1.63,3.85,5.6,1.4,2.75,1.01,7.9,1.28,2.99,1.97,1.84,2.0,1.75,1.15,1.26,2.27,2.21,1.33,1.86,1.48,3.34,1.28,7.0,3.65,1.29,3.15,1.5,2.38,2.25,2.0,2.25,1.55,2.9,1.35
Chile Primera División,2024-09-28,20:00:00,26,Colo-Colo,Cobresal,1.73,2.6,8.5,1.27,4.75,13.0,1.3,3.4,1.01,13.0,1.15,4.0,1.65,2.14,2.1,1.67,1.01,1.11,4.05,2.18,0.67,1.71,1.35,3.06,1.18,11.0,6.16,1.25,3.6,1.42,2.62,1.8,1.91,2.05,1.7,2.62,1.42
Argentina Primera División,2024-09-28,20:00:00,16,Belgrano,Boca Juniors,4.0,1.83,3.5,3.2,3.0,2.5,1.57,2.25,1.09,6.71,1.48,2.45,2.88,1.4,2.38,1.53,1.58,1.32,1.36,1.4,1.4,1.21,1.16,2.37,2.2,8.0,1.85,1.36,2.8,1.65,2.08,2.1,1.64,2.8,1.37,3.85,1.21
Uruguay Primera División,2024-09-28,20:00:00,5,Wanderers,Danubio,3.2,1.91,3.6,2.45,3.0,3.0,1.53,2.4,1.07,7.0,1.4,2.75,2.42,1.5,2.0,1.73,1.33,1.32,1.5,1.69,1.38,1.56,1.33,2.89,1.91,7.5,2.2,1.36,2.9,1.7,2.05,2.15,1.62,2.9,1.36,3.6,1.25
USA MLS,2024-09-28,20:30:00,34,Inter Miami,Charlotte,2.0,2.63,5.0,1.49,4.2,5.25,1.22,4.0,1.01,26.5,1.08,6.5,1.45,2.7,1.5,2.5,1.15,1.18,2.53,2.2,1.0,1.51,1.25,2.76,1.58,6.5,2.48,1.27,3.65,1.41,2.65,1.66,2.07,2.04,1.58,2.8,1.37
USA MLS,2024-09-28,20:30:00,34,FC Cincinnati,Los Angeles FC,2.5,2.4,3.75,2.2,3.6,2.7,1.29,3.5,1.02,18.75,1.17,4.87,1.59,2.21,1.5,2.5,1.35,1.28,1.78,1.6,1.29,1.56,1.45,3.01,1.88,6.4,1.98,1.21,3.8,1.4,2.7,1.65,2.08,2.02,1.68,2.55,1.44
USA MLS,2024-09-28,20:30:00,34,DC United,Columbus Crew,3.1,2.5,2.75,2.85,3.4,2.2,1.25,3.75,1.01,13.0,1.11,5.5,1.59,2.21,1.4,2.75,1.58,1.28,1.42,1.07,1.87,1.6,1.36,2.96,2.1,6.4,1.79,1.27,3.3,1.46,2.48,1.77,1.92,2.18,1.58,2.8,1.37
USA MLS,2024-09-28,20:30:00,34,Montreal Impact,SJ Earthquakes,2.4,2.5,4.0,1.88,3.85,3.25,1.25,3.75,1.01,13.0,1.11,5.5,1.48,2.54,1.5,2.5,1.3,1.25,1.88,1.53,0.53,1.32,1.14,2.46,1.75,6.4,2.15,1.2,3.9,1.37,2.8,1.61,2.15,1.96,1.74,2.45,1.48
Paraguay Division Profesional,2024-09-28,20:30:00,13,Sol de América,Sportivo Luqueño,3.75,2.0,3.2,3.2,3.1,2.3,1.45,2.45,1.08,6.5,1.37,2.8,2.3,1.58,1.91,1.8,1.45,1.37,1.27,0.97,1.32,1.43,1.37,2.8,2.3,8.0,1.83,1.29,3.3,1.5,2.4,1.95,1.77,2.25,1.57,2.9,1.36
USA MLS,2024-09-28,20:30:00,34,New York RB,New York City,2.64,2.22,3.75,1.93,3.65,3.25,1.33,3.16,1.03,17.0,1.15,4.1,1.68,2.15,1.58,2.29,1.35,1.29,1.71,1.87,0.93,1.67,1.16,2.83,1.5,6.4,2.65,1.36,2.8,1.63,2.12,2.0,1.71,2.55,1.44,3.4,1.26
USA MLS,2024-09-28,20:30:00,34,Philadelphia Union,Atlanta United FC,2.25,2.6,4.0,1.64,3.95,4.25,1.22,4.0,1.01,17.0,1.08,6.5,1.57,2.25,1.44,2.63,1.25,1.22,2.06,1.07,0.93,1.71,1.42,3.13,1.54,6.4,2.55,1.26,3.4,1.44,2.55,1.72,1.97,2.14,1.62,2.7,1.38
USA MLS,2024-09-28,20:30:00,34,New England Revolution,Nashville SC,2.6,2.3,3.75,1.85,3.8,3.4,1.33,3.25,1.01,11.0,1.2,4.0,1.6,2.3,1.62,2.2,1.32,1.24,1.8,1.07,0.86,1.37,0.99,2.36,1.52,6.4,2.55,1.28,3.65,1.48,2.43,1.67,2.05,2.18,1.66,2.55,1.37
Serbia SuperLiga,2024-09-28,21:00:00,10,Tekstilac Odžaci,Napredak,0.0,0.0,0.0,0.0,0.0,0.0,0.0,0.0,0.0,0.0,0.0,0.0,0.0,0.0,0.0,0.0,0.0,0.0,0.0,1.4,1.0,1.22,0.77,1.99,0.0,0.0,0.0,0.0,0.0,0.0,0.0,0.0,0.0,0.0,0.0,0.0,0.0
Serbia SuperLiga,2024-09-28,21:00:00,10,Mladost Lučani,Partizan,0.0,0.0,0.0,0.0,0.0,0.0,0.0,0.0,0.0,0.0,0.0,0.0,0.0,0.0,0.0,0.0,0.0,0.0,0.0,1.8,1.75,1.16,1.58,2.74,0.0,0.0,0.0,0.0,0.0,0.0,0.0,0.0,0.0,0.0,0.0,0.0,0.0
Serbia SuperLiga,2024-09-28,21:00:00,10,Jedinstvo Ub,Spartak Subotica,0.0,0.0,0.0,0.0,0.0,0.0,0.0,0.0,0.0,0.0,0.0,0.0,0.0,0.0,0.0,0.0,0.0,0.0,0.0,0.0,0.2,0.96,1.58,2.54,0.0,0.0,0.0,0.0,0.0,0.0,0.0,0.0,0.0,0.0,0.0,0.0,0.0
Brazil Serie A,2024-09-28,21:00:00,28,Botafogo,Grêmio,2.2,2.3,5.0,1.74,3.85,4.6,1.4,2.75,1.06,10.0,1.36,3.1,2.0,1.81,1.8,1.95,1.17,1.29,2.05,2.38,1.0,1.75,1.26,3.01,1.49,6.75,2.7,1.28,3.2,1.49,2.4,2.0,1.9,2.23,1.57,2.8,1.36
USA MLS,2024-09-28,21:30:00,34,FC Dallas,Orlando City,2.88,2.25,3.4,2.32,3.55,2.6,1.33,3.25,1.04,13.0,1.24,4.2,1.7,2.12,1.57,2.25,1.44,1.29,1.55,1.93,1.4,1.48,1.36,2.84,2.05,5.8,1.88,1.52,2.32,1.89,1.8,2.43,1.48,3.2,1.28,4.4,1.16
USA MLS,2024-09-28,21:30:00,34,Minnesota United,Colorado Rapids,2.5,2.5,3.5,2.05,3.95,2.75,1.22,4.0,1.01,17.0,1.08,6.5,1.4,2.82,1.4,2.75,1.35,1.22,1.78,1.27,1.13,1.55,1.4,2.95,1.93,8.0,2.15,1.17,4.5,1.3,3.2,1.52,2.49,1.83,1.98,2.24,1.62
USA MLS,2024-09-28,21:30:00,34,Austin,Real Salt Lake,2.88,2.38,3.25,2.4,3.6,2.48,1.3,3.4,1.03,15.0,1.19,4.75,1.61,2.28,1.53,2.38,1.44,1.25,1.63,1.47,1.27,1.23,1.53,2.76,2.15,8.0,1.93,1.16,3.9,1.34,2.69,1.69,2.14,2.08,1.74,2.71,1.38
USA MLS,2024-09-28,21:30:00,34,Chicago Fire,Toronto,2.5,2.3,4.0,1.85,3.75,3.4,1.33,3.25,1.03,15.0,1.18,3.76,1.61,2.18,1.67,2.1,1.25,1.25,1.91,1.2,0.94,1.38,1.06,2.44,1.57,7.5,2.95,1.3,3.15,1.55,2.33,1.85,1.83,2.33,1.52,3.0,1.33
USA MLS,2024-09-28,21:30:00,34,St. Louis City,Sporting KC,2.4,2.5,3.75,1.87,3.9,3.25,1.25,3.75,1.01,21.0,1.15,5.5,1.43,2.7,1.44,2.63,1.32,1.2,1.9,1.33,0.6,1.69,1.19,2.88,1.56,6.4,2.5,1.28,3.2,1.5,2.4,1.82,1.86,2.28,1.54,2.9,1.34
USA MLS,2024-09-28,23:30:00,34,Vancouver Whitecaps,Portland Timbers,2.4,2.6,3.6,1.84,4.1,3.2,1.2,4.33,1.01,26.0,1.12,6.5,1.36,2.99,1.36,3.0,1.33,1.2,1.9,1.62,0.87,1.65,1.2,2.85,1.63,6.1,3.0,1.3,3.15,1.53,2.32,1.86,1.82,2.33,1.52,3.05,1.32
USA MLS,2024-09-28,23:30:00,34,Seattle Sounders,Houston Dynamo,2.5,2.2,4.5,1.75,3.75,3.85,1.4,2.75,1.05,12.0,1.3,3.6,1.76,2.04,1.8,1.95,1.24,1.24,1.96,1.8,1.73,1.61,1.33,2.94,1.3,6.75,4.4,1.21,3.8,1.37,2.8,1.61,2.15,1.96,1.74,2.43,1.48
