ID_Evento,IDMercado,League,Date,Time,Home,Away,Odd_H,Odd_D,Odd_A,Odd_Over25,Odd_Under25,Odd_BTTS_Yes,Odd_BTTS_No,CS_0x0,CS_0x1,CS_0x2,CS_0x3,CS_1x0,CS_1x1,CS_1x2,CS_1x3,CS_2x0,CS_2x1,CS_2x2,CS_2x3,CS_3x0,CS_3x1,CS_3x2,CS_3x3,CS_Goleada_H,CS_Goleada_A
32674659,1.218980910,Mexican Ascenso MX,2023-10-06,00:05:00,CD Tepatitlan De Morelos,Club Atletico La Paz,2.12,3.85,3.35,1.69,2.26,1.62,2.34,21.0,18.5,27.0,60.0,14.0,10.5,16.5,38.0,17.0,12.5,18.0,44.0,29.0,24.0,34.0,75.0,14.0,28.0
32691604,1.219286356,Indonesian Liga 2,2023-10-06,04:00:00,Sulut United FC,Persipura Jayapura,1.02,1.03,1.01,2.18,1.66,1.01,1.01,1.01,1.01,1.01,1.01,1.01,1.01,1.01,1.01,1.01,1.01,1.01,1.01,1.01,1.01,1.01,1.01,1.01,1.01
32690742,1.219267476,Indonesian Liga 1,2023-10-06,05:00:00,RANS Nusantara FC,PSIS Semarang,2.2,3.1,2.68,1.77,1.88,1.73,2.12,990.0,990.0,980.0,980.0,990.0,9.6,990.0,980.0,990.0,990.0,990.0,980.0,980.0,980.0,980.0,980.0,990.0,980.0
32690743,1.219267386,Indonesian Liga 1,2023-10-06,05:00:00,PS TIRA,Persis Solo,2.68,3.45,2.26,1.65,1.99,1.55,2.18,990.0,990.0,22.0,44.0,990.0,9.8,990.0,30.0,25.0,990.0,990.0,40.0,55.0,34.0,46.0,85.0,25.0,990.0
32690911,1.219270912,Albanian Superliga,2023-10-06,09:00:00,Egnatia Rrogozhine,Dinamo Tirana,1.05,2.0,2.0,1.19,1.16,1.01,1.01,1.01,1.01,1.01,1.01,1.01,1.01,1.01,1.01,1.01,1.01,1.01,1.01,1.01,1.01,1.01,1.01,1.01,1.01
32692890,1.219303747,Romanian Liga III,2023-10-06,09:00:00,CSM Deva,CSM Jiul Petrosani,1.01,1.01,1.01,1.01,1.26,1.01,1.01,1.01,1.01,1.01,1.01,1.01,1.01,1.01,1.01,1.01,1.01,1.01,1.01,1.01,1.01,1.01,1.01,1.01,1.01
32692261,1.219289343,Romanian Liga III,2023-10-06,09:00:00,CSM Focsani,CS Sporting Liesti,1.61,3.8,3.85,1.03,1.19,1.01,1.01,1.01,1.01,1.01,1.01,1.01,1.01,1.01,1.01,1.01,1.01,1.01,1.01,1.01,1.01,1.01,1.01,1.01,1.01
32692901,1.219303453,Romanian Liga III,2023-10-06,09:00:00,Gloria Bistrita,ACS Medias 2022,1.5,4.0,1.02,1.01,1.15,1.01,1.01,1.01,1.01,1.01,1.01,1.01,1.01,1.01,1.01,1.01,1.01,1.01,1.01,1.01,1.01,1.01,1.01,1.01,1.01
32692260,1.219289433,Romanian Liga III,2023-10-06,09:00:00,CS Unirea Bascov,ACS Vedita Colonesti MS,1.89,3.65,3.4,1.58,2.1,1.58,2.12,22.0,990.0,32.0,1.01,990.0,990.0,990.0,46.0,990.0,990.0,990.0,48.0,26.0,24.0,36.0,1.01,990.0,38.0
32692900,1.219304543,Romanian Liga III,2023-10-06,09:00:00,Gilortul Tg Carbunesti,FC U Craiova II,1.01,1.01,1.01,1.01,1.23,1.01,1.01,1.01,1.01,1.01,1.01,1.01,1.01,1.01,1.01,1.01,1.01,1.01,1.01,1.01,1.01,1.01,1.01,1.01,1.01
32692881,1.219304143,Romanian Liga III,2023-10-06,09:00:00,Muscelul Campulung,FC Pucioasa,1.01,1.01,1.01,1.03,1.11,1.01,1.01,1.01,1.01,1.01,1.01,1.01,1.01,1.01,1.01,1.01,1.01,1.01,1.01,1.01,1.01,1.01,1.01,1.01,1.01
32692883,1.219303837,Romanian Liga III,2023-10-06,09:00:00,AFC Odorheiu Secuiesc,Viitorul Curita,1.01,1.01,1.01,1.01,1.2,1.01,1.01,1.01,1.01,1.01,1.01,1.01,1.01,1.01,1.01,1.01,1.01,1.01,1.01,1.01,1.01,1.01,1.01,1.01,1.01
32690129,1.219261197,Other Competitions Soccer,2023-10-06,09:00:00,Japan (W),Korea DPR (W),2.0,3.4,3.1,1.66,2.12,1.61,2.14,1.01,990.0,28.0,65.0,1.01,990.0,990.0,42.0,990.0,1.01,1.01,48.0,1.01,1.01,36.0,1.01,1.01,32.0
32692317,1.219290199,Polish Women's Matches,2023-10-06,09:00:00,GKS Katowice (W),Rekord Bielsko-Biala (W),1.01,1.01,1.01,1.14,1.21,1.01,1.01,1.01,1.01,1.01,1.01,1.01,1.01,1.01,1.01,1.01,1.01,1.01,1.01,1.01,1.01,1.01,1.01,1.01,1.01
32692894,1.219303657,Romanian Liga III,2023-10-06,09:00:00,Ghiroda si Giarmata Vii,Cso Turceni,1.01,1.01,1.01,1.01,1.27,1.01,1.01,1.01,1.01,1.01,1.01,1.01,1.01,1.01,1.01,1.01,1.01,1.01,1.01,1.01,1.01,1.01,1.01,1.01,1.01
32691609,1.219280954,Kenyan Premier League,2023-10-06,09:00:00,Tusker FC,Shabana,1.05,1.1,1.1,1.09,1.05,1.01,1.01,1.01,1.01,1.01,1.01,1.01,1.01,1.01,1.01,1.01,1.01,1.01,1.01,1.01,1.01,1.01,1.01,1.01,1.01
32691608,1.219281046,Kenyan Premier League,2023-10-06,09:00:00,Posta Rangers,Nzoia United FC,1.35,1.35,1.04,1.09,1.05,1.01,1.01,1.01,1.01,1.01,1.01,1.01,1.01,1.01,1.01,1.01,1.01,1.01,1.01,1.01,1.01,1.01,1.01,1.01,1.01
32691606,1.219281136,Kenyan Premier League,2023-10-06,09:00:00,Kakamega Homeboyz,FC Talanta,1.05,1.1,1.1,1.09,1.05,1.01,1.01,1.01,1.01,1.01,1.01,1.01,1.01,1.01,1.01,1.01,1.01,1.01,1.01,1.01,1.01,1.01,1.01,1.01,1.01
32691209,1.219275282,Indonesian Liga 1,2023-10-06,09:00:00,Dewa United FC,Pss Sleman,1.73,3.45,4.5,1.77,1.95,1.71,2.02,990.0,990.0,42.0,1.01,990.0,990.0,990.0,980.0,990.0,990.0,21.0,75.0,980.0,990.0,36.0,110.0,990.0,70.0
32691210,1.219275192,Indonesian Liga 1,2023-10-06,09:00:00,Arema Cronus,Pusamania Borneo FC,3.9,3.4,1.82,1.88,1.83,1.78,1.94,990.0,990.0,990.0,980.0,990.0,990.0,990.0,23.0,980.0,990.0,980.0,42.0,110.0,65.0,980.0,1.01,65.0,990.0
32692258,1.219289617,Romanian Liga III,2023-10-06,09:00:00,Dunarea Calarasi,Agricola Borcea,1.32,5.8,6.6,1.27,3.55,1.51,2.4,1.01,1.01,1.01,1.01,990.0,990.0,36.0,1.01,990.0,990.0,24.0,1.01,990.0,990.0,24.0,1.01,990.0,1.01
32692895,1.219303567,Romanian Liga III,2023-10-06,09:00:00,ACS Viitorul Cluj,ACS Tg. Mures 1898,1.97,3.6,3.25,1.01,1.23,1.01,1.01,1.01,1.01,1.01,1.01,1.01,1.01,1.01,1.01,1.01,1.01,1.01,1.01,1.01,1.01,1.01,1.01,1.01,1.01
32692259,1.219289525,Romanian Liga III,2023-10-06,09:00:00,FC Paulesti,CSM Flacara Moreni,1.84,1.03,3.1,1.03,1.63,1.01,1.01,1.01,1.01,1.01,1.01,1.01,1.01,1.01,1.01,1.01,1.01,1.01,1.01,1.01,1.01,1.01,1.01,1.01,1.01
32690789,1.219268462,Thai League 1,2023-10-06,09:00:00,Lamphun Warrior,Ratchaburi,2.52,3.35,2.6,1.33,1.78,1.69,1.95,1.01,990.0,1.01,980.0,1.01,1.01,1.01,1.01,1.01,1.01,1.01,1.01,980.0,980.0,1.01,1.01,1.01,1.01
32683614,1.219145797,Ukrainian Premier League,2023-10-06,09:00:00,Polissya Zhytomyr,Dynamo Kiev,4.6,3.25,1.66,1.79,1.92,1.78,1.92,990.0,990.0,990.0,990.0,1.01,990.0,1.01,1.01,1.01,980.0,1.01,1.01,1.01,1.01,1.01,1.01,1.01,1.01
32692938,1.219305726,Saudi 2nd Division,2023-10-06,09:15:00,Al Noor FC,Jerash SC,1.01,1.01,1.01,1.01,1.02,1.01,1.01,1.01,1.01,1.01,1.01,1.01,1.01,1.01,1.01,1.01,1.01,1.01,1.01,1.01,1.01,1.01,1.01,1.01,1.01
32691239,1.219275886,Tanzanian Premier League,2023-10-06,10:00:00,Kitayosce FC,Dodoma FC,1.04,1.01,1.04,1.09,1.16,1.01,1.01,1.01,1.01,1.01,1.01,1.01,1.01,1.01,1.01,1.01,1.01,1.01,1.01,1.01,1.01,1.01,1.01,1.01,1.01
32691669,1.219287127,Malaysian Matches,2023-10-06,10:00:00,Harini FC,Pulau Pinang,1.04,1.01,1.04,1.04,1.14,1.01,1.01,1.01,1.01,1.01,1.01,1.01,1.01,1.01,1.01,1.01,1.01,1.01,1.01,1.01,1.01,1.01,1.01,1.01,1.01
32692946,1.219305617,Slovenian U19,2023-10-06,10:00:00,NK Radomlje U19,NK Brinje-Grosuplje U19,1.01,1.01,1.01,1.01,1.33,1.01,1.01,1.01,1.01,1.01,1.01,1.01,1.01,1.01,1.01,1.01,1.01,1.01,1.01,1.01,1.01,1.01,1.01,1.01,1.01
32690883,1.219271632,German Regionalliga North,2023-10-06,10:00:00,Kieler SV Holstein II,Hannover II,1.01,1.03,1.01,1.07,1.1,1.01,1.01,1.01,1.01,1.01,1.01,1.01,1.01,1.01,1.01,1.01,1.01,1.01,1.01,1.01,1.01,1.01,1.01,1.01,1.01
32690790,1.219311733,Thai League 1,2023-10-06,10:00:00,Air Force Central,Port FC,1.04,1.01,1.04,1.02,1.18,1.01,1.01,1.01,1.01,1.01,1.01,1.01,1.01,1.01,1.01,1.01,1.01,1.01,1.01,1.01,1.01,1.01,1.01,1.01,1.01
32690248,1.219259790,Croatian 2 HNL,2023-10-06,10:00:00,NK Sesvete,HNK Orijent 1919,1.04,1.01,1.04,1.08,1.07,1.01,1.01,1.01,1.01,1.01,1.01,990.0,990.0,1.01,1.01,1.01,990.0,1.01,1.01,1.01,1.01,1.01,1.01,1.01,1.01
32692131,1.219286857,Egyptian Premier,2023-10-06,10:00:00,Al Ittihad (EGY),El Gounah,1.94,2.9,3.6,2.14,1.56,1.88,1.74,990.0,990.0,34.0,1.01,990.0,990.0,21.0,75.0,990.0,990.0,27.0,1.01,30.0,1.01,1.01,1.01,26.0,1.01
32692416,1.219293897,Omani Sultan Cup,2023-10-06,10:05:00,Al-Ahli/Sedab,Salalah,1.01,1.01,1.01,1.01,1.02,1.52,2.52,1.01,1.01,1.01,1.01,1.01,1.01,1.01,1.01,1.01,1.01,1.01,1.01,1.01,1.01,1.01,1.01,1.01,1.01
32692418,1.219293852,Omani Sultan Cup,2023-10-06,10:10:00,Al-Khaboora,Al Ittihad Salalah,1.01,1.01,1.01,1.01,1.02,1.52,2.52,1.01,1.01,1.01,1.01,1.01,1.01,1.01,1.01,1.01,1.01,1.01,1.01,1.01,1.01,1.01,1.01,1.01,1.01
32678227,1.219032111,UAE Arabian Gulf League,2023-10-06,10:20:00,Al Bataeh,Al-Khaleej Khor Fakkan,2.28,3.65,2.54,1.57,2.28,1.57,1.01,23.0,17.5,23.0,42.0,16.5,11.5,14.5,30.0,21.0,14.0,17.5,36.0,36.0,27.0,34.0,70.0,16.0,19.0
32678225,1.219032156,UAE Arabian Gulf League,2023-10-06,10:20:00,Al-Ittihad Kalba,Hatta,1.5,4.0,4.8,1.6,2.24,1.57,1.01,26.0,29.0,55.0,150.0,13.0,13.5,26.0,80.0,13.0,12.0,23.0,70.0,1.01,1.01,34.0,100.0,7.8,70.0
32692952,1.219305527,Slovenian U19,2023-10-06,10:30:00,NK Olimpija Ljubljana U19,Mura U19,1.01,1.01,1.01,1.01,1.26,1.01,1.01,1.01,1.01,1.01,1.01,1.01,1.01,1.01,1.01,1.01,1.01,1.01,1.01,1.01,1.01,1.01,1.01,1.01,1.01
32692875,1.219302986,Polish III Liga,2023-10-06,11:00:00,KP Starogard Gdanski,Swit Skolwin,1.11,1.11,1.03,1.01,1.05,1.01,1.01,1.01,1.01,1.01,1.01,1.01,1.01,1.01,1.01,1.01,1.01,1.01,1.01,1.01,1.01,1.01,1.01,1.01,1.01
32692873,1.219303076,Polish III Liga,2023-10-06,11:00:00,Blektini Stargard,Zawisza Bydgoszcz,1.01,1.01,1.01,1.01,1.05,1.01,1.01,1.01,1.01,1.01,1.01,1.01,1.01,1.01,1.01,1.01,1.01,1.01,1.01,1.01,1.01,1.01,1.01,1.01,1.01
32691086,1.219274182,Algerian Ligue 2,2023-10-06,11:00:00,RC Arba,GC Mascara,2.16,2.6,1.3,1.04,1.05,1.01,1.01,1.01,1.01,1.01,1.01,1.01,1.01,1.01,1.01,1.01,1.01,1.01,1.01,1.01,1.01,1.01,1.01,1.01,1.01
32690308,1.219261676,Azerbaijan Premier League,2023-10-06,11:00:00,Zira,PFK Turan Tovuz,1.71,3.5,4.8,2.14,1.65,2.02,1.72,990.0,990.0,980.0,1.01,990.0,990.0,990.0,1.01,990.0,990.0,980.0,1.01,22.0,980.0,980.0,1.01,990.0,1.01
32691081,1.219274272,Algerian Ligue 2,2023-10-06,11:00:00,SC Mecheria,ASM Oran,1.82,3.05,4.5,2.36,1.53,2.1,1.66,990.0,990.0,980.0,1.01,990.0,990.0,980.0,1.01,990.0,990.0,980.0,1.01,980.0,980.0,1.01,1.01,980.0,1.01
32691075,1.219274632,Algerian Ligue 2,2023-10-06,11:00:00,NA Hussein Dey,ESM Kolea,1.03,1.1,1.1,1.06,1.05,1.01,1.01,1.01,1.01,1.01,1.01,1.01,1.01,1.01,1.01,1.01,1.01,1.01,1.01,1.01,1.01,1.01,1.01,1.01,1.01
32691078,1.219274362,Algerian Ligue 2,2023-10-06,11:00:00,JSM Tiaret,Cr Temouchent,1.87,2.82,4.0,2.1,1.64,1.01,1.01,1.01,1.01,1.01,1.01,1.01,1.01,1.01,1.01,1.01,1.01,1.01,1.01,1.01,1.01,1.01,1.01,1.01,1.01
32691076,1.219274542,Algerian Ligue 2,2023-10-06,11:00:00,ES Mostaganem,JS Guire,1.01,2.1,2.1,1.05,1.05,1.01,1.01,1.01,1.01,1.01,1.01,1.01,1.01,1.01,1.01,1.01,1.01,1.01,1.01,1.01,1.01,1.01,1.01,1.01,1.01
32691235,1.219275526,Czech 3 Liga,2023-10-06,11:00:00,SK Kv√≠tkovice,Slovacko B,1.01,1.01,1.01,1.19,1.05,1.01,1.01,1.01,1.01,1.01,1.01,1.01,1.01,1.01,1.01,1.01,1.01,1.01,1.01,1.01,1.01,1.01,1.01,1.01,1.01
32691077,1.219274452,Algerian Ligue 2,2023-10-06,11:00:00,Wa Boufarik,MCB Oued Sly,1.67,2.92,5.2,2.1,1.05,1.89,1.01,990.0,980.0,980.0,1.01,990.0,990.0,980.0,1.01,990.0,990.0,980.0,1.01,1.01,980.0,1.01,1.01,990.0,1.01
32692328,1.219290014,Indian Super League,2023-10-06,11:30:00,Punjab FC,Northeast United,1.97,3.3,3.0,1.15,1.07,1.01,1.01,27.0,22.0,32.0,1.01,990.0,990.0,990.0,36.0,990.0,990.0,990.0,38.0,30.0,990.0,29.0,1.01,990.0,24.0
32684959,1.219178100,Bulgarian A League,2023-10-06,11:30:00,Levski Krumovgrad,Botev Vratsa,1.87,3.45,4.6,2.2,1.68,1.99,1.83,990.0,990.0,980.0,980.0,990.0,990.0,980.0,980.0,990.0,990.0,980.0,980.0,980.0,980.0,980.0,1.01,990.0,980.0
32691386,1.219282223,Serbian Super League,2023-10-06,11:30:00,FK IMT Novi Beograd,Radnik Surdulica,1.88,2.56,3.6,2.12,1.58,1.01,1.73,990.0,990.0,1.01,1.01,990.0,990.0,1.01,1.01,990.0,990.0,1.01,1.01,1.01,1.01,1.01,1.01,1.01,1.01
32690968,1.219271272,Algerian Ligue 1,2023-10-06,11:45:00,MC Alger,ES Setif,1.43,3.85,7.6,2.3,1.56,2.4,1.52,990.0,980.0,1.01,1.01,990.0,990.0,1.01,1.01,990.0,990.0,1.01,1.01,990.0,980.0,1.01,1.01,990.0,1.01
32690984,1.219271002,Algerian Ligue 1,2023-10-06,11:45:00,CS Constantine,JS Saoura,1.79,3.0,5.7,2.5,1.46,2.24,1.52,9.8,990.0,980.0,1.01,6.4,9.4,980.0,1.01,10.5,990.0,980.0,1.01,980.0,980.0,980.0,1.01,980.0,1.01
32691660,1.219282403,Kuwaiti Premier League,2023-10-06,11:55:00,Al Jahra,Al Fahaheel FC,2.18,1.01,2.7,1.22,1.13,1.01,1.01,1.01,1.01,1.01,1.01,1.01,1.01,1.01,1.01,1.01,1.01,1.01,1.01,1.01,1.01,1.01,1.01,1.01,1.01
32668584,1.218886102,Romanian Liga I,2023-10-06,12:00:00,FC U Craiova 1948,Hermannstadt,2.92,3.3,2.38,2.0,1.74,1.75,1.98,13.0,11.5,18.0,980.0,13.5,8.0,13.5,1.01,990.0,16.0,1.01,980.0,980.0,980.0,980.0,980.0,980.0,1.01
32688534,1.219232491,Latvian Virsliga,2023-10-06,12:00:00,FK Riga,FK Tukums 2000,1.09,11.0,19.0,1.25,3.9,2.28,1.59,1.01,1.01,1.01,1.01,990.0,980.0,1.01,1.01,990.0,990.0,1.01,1.01,990.0,1.01,1.01,1.01,2.32,1.01
32689556,1.219253385,Slovakian 2 Liga,2023-10-06,12:00:00,Pohronie,Spartak Myjava,2.54,3.6,2.52,1.77,2.04,1.67,2.18,990.0,990.0,990.0,980.0,990.0,990.0,990.0,980.0,990.0,990.0,990.0,980.0,980.0,980.0,980.0,1.01,990.0,980.0
32692154,1.219286717,Croatian U19,2023-10-06,12:00:00,Hajduk Split U19,NK Varazdin U19,1.01,1.01,1.01,1.02,1.27,1.01,1.01,1.01,1.01,1.01,1.01,1.01,1.01,1.01,1.01,1.01,1.01,1.01,1.01,1.01,1.01,1.01,1.01,1.01,1.01
32673042,1.218953774,Saudi Professional League,2023-10-06,12:00:00,Al Nassr,Abha,1.09,14.0,25.0,1.23,3.85,2.16,1.59,980.0,980.0,1.01,1.01,19.0,980.0,980.0,1.01,12.0,18.0,980.0,980.0,9.8,17.5,980.0,980.0,2.52,1.01
32676569,1.219005438,Finnish Veikkausliiga,2023-10-06,12:00:00,Ilves,AC Oulu,2.0,3.85,3.9,1.7,2.22,1.67,2.22,18.5,18.0,30.0,70.0,12.5,9.8,17.0,44.0,14.5,11.5,18.0,48.0,24.0,21.0,1.01,80.0,12.0,1.01
32676882,1.219010258,Czech 2 Liga,2023-10-06,12:30:00,FC Zbrojovka Brno,Pribram,1.63,3.6,5.0,1.74,1.42,1.78,1.01,1.01,1.01,1.01,1.01,1.01,990.0,1.01,1.01,1.01,1.01,1.01,1.01,1.01,1.01,1.01,1.01,990.0,1.01
32691230,1.219275706,Czech 3 Liga,2023-10-06,12:30:00,SK Hranice,Trinec,4.1,3.6,1.65,1.64,2.02,1.64,2.0,980.0,990.0,990.0,980.0,980.0,990.0,990.0,990.0,980.0,980.0,980.0,980.0,1.01,1.01,980.0,1.01,980.0,990.0
32676212,1.219002849,Slovakian Super League,2023-10-06,12:30:00,Ruzomberok,Zlate Moravce,2.12,3.4,3.45,1.93,1.7,1.73,1.89,13.5,15.0,980.0,980.0,12.0,8.8,17.5,980.0,16.0,14.0,22.0,980.0,980.0,980.0,980.0,980.0,22.0,980.0
32691245,1.219275796,Czech 3 Liga,2023-10-06,13:00:00,Hlucin,RSM Hodonin,1.47,4.3,6.0,1.66,2.16,1.8,1.92,980.0,980.0,1.01,1.01,990.0,990.0,980.0,1.01,990.0,990.0,980.0,1.01,990.0,990.0,980.0,1.01,990.0,1.01
32678229,1.219032065,UAE Arabian Gulf League,2023-10-06,13:00:00,Bani Yas,Al Wahda (Abu Dhabi),3.8,3.7,1.88,1.01,2.12,1.57,1.01,1.01,11.5,13.5,24.0,18.5,9.6,11.0,20.0,34.0,1.01,1.01,34.0,85.0,48.0,55.0,1.01,42.0,11.5
32691533,1.219282584,Bahraini Premier,2023-10-06,13:00:00,Al Hala,Al Najma (BRN),1.04,1.01,1.04,1.07,1.08,1.01,1.01,1.01,1.01,1.01,1.01,1.01,1.01,1.01,1.01,1.01,1.01,1.01,1.01,1.01,1.01,1.01,1.01,1.01,1.01
32690904,1.219269258,Swedish Women's Matches,2023-10-06,13:00:00,Linkopings FC (W),Pitea IF (W),1.63,1.09,4.5,1.7,1.05,1.01,1.9,1.01,1.01,1.01,1.01,990.0,1.01,1.01,1.01,1.01,1.01,1.01,1.01,1.01,1.01,1.01,1.01,990.0,1.01
32690922,1.219269078,Swedish Women's Matches,2023-10-06,13:00:00,Rosengard (W),Djurgardens IF DFF (W),1.28,4.5,8.0,1.4,1.63,1.7,1.92,1.01,1.01,1.01,1.01,990.0,1.01,1.01,1.01,990.0,990.0,1.01,1.01,990.0,980.0,1.01,1.01,990.0,1.01
32690903,1.219269348,Swedish Women's Matches,2023-10-06,13:00:00,BK Hacken (W),Vittsjo (W),1.43,4.3,7.2,1.77,2.02,1.97,1.81,990.0,980.0,1.01,1.01,990.0,990.0,980.0,1.01,990.0,990.0,980.0,1.01,990.0,990.0,980.0,1.01,990.0,1.01
32684989,1.219178328,Egyptian Premier,2023-10-06,13:00:00,Pharco FC,Ceramica Cleopatra,2.7,2.68,2.82,2.58,1.48,1.01,1.72,8.8,9.8,21.0,1.01,9.4,7.2,16.0,1.01,990.0,990.0,980.0,980.0,980.0,980.0,980.0,980.0,1.01,980.0
32691546,1.219285738,Bosnian Premier League,2023-10-06,13:00:00,Fk Velez Mostar,Nk Posusje,1.53,3.9,6.0,1.84,2.02,1.93,1.79,990.0,24.0,60.0,1.01,990.0,990.0,29.0,1.01,990.0,990.0,28.0,1.01,990.0,990.0,44.0,1.01,990.0,1.01
32691550,1.219282132,Serbian Super League,2023-10-06,13:00:00,Radnicki Nis,FK Napredak,1.9,2.92,3.6,2.14,1.56,1.89,1.72,990.0,990.0,1.01,1.01,990.0,990.0,1.01,1.01,990.0,990.0,1.01,1.01,1.01,1.01,1.01,1.01,1.01,1.01
32692819,1.219301997,Mexican Matches,2023-10-06,13:00:00,Mazatlan FC U23,Club America U23,1.01,1.01,1.01,1.06,1.09,1.01,1.01,1.01,1.01,1.01,1.01,1.01,1.01,1.01,1.01,1.01,1.01,1.01,1.01,1.01,1.01,1.01,1.01,1.01,1.01
32691231,1.219275616,Czech 3 Liga,2023-10-06,13:00:00,Usti Nad Labem,FK Prepere,1.46,1.03,5.5,1.04,1.53,1.01,1.01,1.01,1.01,1.01,1.01,1.01,1.01,1.01,1.01,1.01,1.01,1.01,1.01,1.01,1.01,1.01,1.01,1.01,1.01
32691542,1.219311135,Rwandan National Football League,2023-10-06,13:00:00,Apr FC,Musanze,1.01,1.13,1.13,1.01,1.19,1.01,1.01,1.01,1.01,1.01,1.01,1.01,1.01,1.01,1.01,1.01,1.01,1.01,1.01,1.01,1.01,1.01,1.01,1.01,1.01
32691540,1.219282493,Bahraini Premier,2023-10-06,13:00:00,Al-Shabbab (BRN),Al Hidd,3.05,2.92,2.38,1.4,1.69,1.87,1.92,990.0,990.0,1.01,1.01,1.01,990.0,990.0,1.01,1.01,1.01,1.01,1.01,1.01,1.01,1.01,1.01,1.01,1.01
32676722,1.219007430,Croatian 1 HNL,2023-10-06,13:00:00,Slaven Belupo,Varazdin,2.62,3.15,2.54,1.93,1.79,1.73,2.0,990.0,990.0,990.0,980.0,990.0,8.6,14.0,980.0,990.0,990.0,990.0,980.0,980.0,980.0,980.0,980.0,980.0,980.0
32691584,1.219283303,French Women's Matches,2023-10-06,13:00:00,Saint-Etienne (W),Paris St-G (W),1.01,1.01,1.01,1.15,1.05,1.01,1.01,1.01,1.01,1.01,1.01,1.01,1.01,1.01,1.01,1.01,1.01,1.01,1.01,1.01,1.01,1.01,1.01,1.01,1.01
32691538,1.219281228,Polish 2 Liga,2023-10-06,13:00:00,LKS Lodz II,Kotwica Kolobrzeg,2.18,3.15,2.84,1.75,1.37,1.64,1.01,1.01,1.01,1.01,1.01,1.01,1.01,1.01,1.01,1.01,1.01,1.01,1.01,1.01,1.01,1.01,1.01,1.01,1.01
32665918,1.218838239,Polish Ekstraklasa,2023-10-06,13:00:00,Korona Kielce,Warta Poznan,2.82,3.25,2.8,2.28,1.69,1.91,1.9,10.5,10.0,990.0,48.0,10.0,7.2,990.0,38.0,17.5,13.0,21.0,990.0,990.0,38.0,60.0,140.0,980.0,40.0
32675374,1.218993139,Polish I Liga,2023-10-06,13:00:00,Chrobry Glogow,Odra Opole,3.9,3.65,1.83,1.79,1.87,1.7,1.93,990.0,11.0,13.5,24.0,990.0,10.5,12.0,23.0,40.0,22.0,23.0,42.0,120.0,65.0,75.0,130.0,70.0,14.0
32676764,1.219009002,Austrian Erste Liga,2023-10-06,13:10:00,SKU Amstetten,SV Ried,4.2,4.2,1.78,1.6,2.36,1.66,2.24,980.0,13.0,13.5,990.0,990.0,11.5,11.0,990.0,980.0,990.0,990.0,29.0,85.0,50.0,980.0,980.0,980.0,8.8
32676765,1.219008912,Austrian Erste Liga,2023-10-06,13:10:00,SV Horn,KSV 1919,1.88,3.65,3.55,1.59,2.26,1.57,2.28,23.0,22.0,36.0,980.0,14.0,10.5,18.0,980.0,15.5,11.5,18.5,980.0,26.0,20.0,32.0,980.0,11.0,36.0
32676763,1.219009092,Austrian Erste Liga,2023-10-06,13:10:00,DSV Leoben,SV Lafnitz,1.97,3.9,3.3,1.63,2.26,1.53,2.26,25.0,21.0,34.0,980.0,15.5,11.5,17.5,40.0,18.0,13.0,19.0,980.0,32.0,23.0,34.0,980.0,13.0,30.0
32692375,1.219293942,Omani Sultan Cup,2023-10-06,13:10:00,Ibri,Al Shabab,1.01,1.01,1.01,1.01,1.02,1.52,2.52,1.01,1.01,1.01,1.01,1.01,1.01,1.01,1.01,1.01,1.01,1.01,1.01,1.01,1.01,1.01,1.01,1.01,1.01
32671428,1.218930708,Italian Serie A,2023-10-06,13:30:00,Empoli,Udinese,3.25,3.35,2.5,2.16,1.83,1.89,2.06,11.5,9.8,14.5,34.0,11.5,7.4,11.5,28.0,21.0,14.0,18.5,46.0,55.0,38.0,55.0,120.0,40.0,24.0
32680600,1.219078518,Danish 1st Division,2023-10-06,13:30:00,Fredericia,SonderjyskE,2.92,3.95,2.12,1.54,2.5,1.56,2.46,24.0,15.5,18.0,29.0,19.0,11.5,12.5,22.0,980.0,15.0,16.5,980.0,980.0,980.0,980.0,980.0,20.0,11.5
32665371,1.218828188,German Bundesliga 2,2023-10-06,13:30:00,Fortuna Dusseldorf,VfL Osnabruck,1.54,4.8,6.0,1.5,2.62,1.63,2.24,30.0,34.0,60.0,140.0,14.5,14.0,26.0,70.0,13.5,11.5,21.0,60.0,17.0,16.5,27.0,75.0,6.2,55.0
32664897,1.218825463,German Bundesliga 2,2023-10-06,13:30:00,Kaiserslautern,Hannover,2.34,3.75,3.15,1.71,2.32,1.61,2.42,18.0,16.0,23.0,50.0,13.5,8.8,14.0,32.0,20.0,11.0,15.5,38.0,30.0,23.0,32.0,65.0,14.5,26.0
32690885,1.219271542,German Regionalliga North,2023-10-06,14:00:00,Weiche Flensburg,FC Phonix Lubeck,2.38,3.6,2.2,1.48,2.34,1.49,2.32,980.0,990.0,980.0,1.01,990.0,990.0,990.0,980.0,980.0,990.0,990.0,980.0,1.01,980.0,980.0,1.01,990.0,990.0
32690863,1.219272830,German Regionalliga Northeast,2023-10-06,14:00:00,Lokomotiv Leipzig,Hertha Berlin II,2.24,3.3,2.5,1.5,2.46,1.52,2.4,1.01,980.0,1.01,1.01,980.0,990.0,990.0,1.01,1.01,990.0,980.0,1.01,1.01,1.01,1.01,1.01,990.0,980.0
32690796,1.219273462,German Regionalliga Northeast,2023-10-06,14:00:00,Babelsberg,Viktoria Berlin,2.08,3.45,3.35,1.86,1.94,1.75,2.1,990.0,990.0,980.0,980.0,990.0,990.0,990.0,980.0,990.0,990.0,990.0,980.0,980.0,980.0,980.0,1.01,990.0,980.0
32679824,1.219067242,Portuguese Segunda Liga,2023-10-06,14:00:00,Santa Clara,Academico de Viseu,2.5,3.4,2.62,1.01,1.05,1.69,2.06,15.5,13.0,21.0,46.0,13.0,9.0,14.0,34.0,990.0,13.5,990.0,46.0,44.0,32.0,46.0,110.0,26.0,28.0
32691635,1.219283033,Palestinian West Bank League,2023-10-06,14:00:00,Taraji Wadi Al-Nes,Hilal Al Quds,1.13,1.13,1.01,1.19,1.14,1.01,1.01,1.01,1.01,1.01,1.01,1.01,1.01,1.01,1.01,1.01,1.01,1.01,1.01,1.01,1.01,1.01,1.01,1.01,1.01
32692872,1.219303166,Polish III Liga,2023-10-06,14:00:00,Bron Radom,Unia Skierniewice,1.06,1.13,1.06,1.01,1.01,1.01,1.01,1.01,1.01,1.01,1.01,1.01,1.01,1.01,1.01,1.01,1.01,1.01,1.01,1.01,1.01,1.01,1.01,1.01,1.01
32669514,1.218903777,Turkish Super League,2023-10-06,14:00:00,Alanyaspor,Fatih Karagumruk Istanbul,2.08,3.65,3.75,1.81,2.16,1.72,2.14,18.5,18.5,32.0,80.0,12.5,10.0,18.0,48.0,16.5,990.0,21.0,60.0,32.0,25.0,40.0,100.0,990.0,42.0
32669511,1.218903993,Turkish Super League,2023-10-06,14:00:00,Adana Demirspor,Trabzonspor,2.1,4.1,3.45,1.55,2.54,1.48,2.4,25.0,21.0,29.0,65.0,15.0,10.5,15.0,990.0,19.0,11.0,15.5,38.0,30.0,18.5,27.0,60.0,990.0,23.0
32676856,1.219010348,Turkish 1 Lig,2023-10-06,14:00:00,Kocaelispor,Erzurum BB,1.58,3.65,5.3,1.8,1.81,1.83,1.78,990.0,980.0,980.0,1.01,9.6,11.0,980.0,980.0,11.0,12.0,980.0,1.01,990.0,980.0,980.0,980.0,11.5,980.0
32684219,1.219259106,Swedish Division 1,2023-10-06,14:00:00,Vanersborgs IF,Ljungskile,2.3,3.2,2.8,1.77,1.83,1.01,1.01,1.01,1.01,1.01,1.01,990.0,990.0,1.01,1.01,1.01,980.0,1.01,1.01,1.01,1.01,1.01,1.01,1.01,1.01
32681358,1.219097609,Swedish Division 1,2023-10-06,14:00:00,Hammarby TFF,IFK Stocksund,2.16,4.0,2.9,1.53,1.2,1.01,2.38,980.0,990.0,980.0,980.0,990.0,990.0,990.0,980.0,990.0,990.0,990.0,980.0,980.0,990.0,980.0,980.0,990.0,980.0
32691647,1.219311271,Swedish Division 2,2023-10-06,14:00:00,Husqvarna,IK Tord,1.01,1.01,1.01,1.01,1.21,1.01,1.01,1.01,1.01,1.01,1.01,1.01,1.01,1.01,1.01,1.01,1.01,1.01,1.01,1.01,1.01,1.01,1.01,1.01,1.01
32692852,1.219302351,Norwegian 3rd Division,2023-10-06,14:00:00,Froya,Fyllingsdalen,1.03,1.1,1.08,1.01,1.29,1.01,1.01,1.01,1.01,1.01,1.01,1.01,1.01,1.01,1.01,1.01,1.01,1.01,1.01,1.01,1.01,1.01,1.01,1.01,1.01
32686643,1.219201803,German 3 Liga,2023-10-06,14:00:00,SV Sandhausen,SSV Ulm,2.14,3.15,2.82,1.77,1.89,1.64,2.02,990.0,990.0,980.0,980.0,13.0,9.8,990.0,980.0,990.0,13.5,990.0,1.01,1.01,980.0,980.0,980.0,990.0,980.0
32690850,1.219273010,German Regionalliga Northeast,2023-10-06,14:00:00,FC Eilenburg,Cottbus,7.0,4.8,1.38,1.53,2.36,1.75,1.97,980.0,990.0,990.0,990.0,980.0,990.0,990.0,990.0,980.0,980.0,980.0,980.0,1.01,980.0,980.0,980.0,980.0,5.9
32676852,1.219010438,Danish 1st Division,2023-10-06,14:00:00,AC Horsens,AaB,3.55,3.45,1.88,1.76,2.04,1.7,1.01,1.01,11.5,1.01,26.0,1.01,1.01,12.0,23.0,1.01,18.0,20.0,38.0,980.0,980.0,980.0,980.0,48.0,14.5
32692625,1.219294893,Austrian Matches,2023-10-06,14:00:00,Kufstein,Dornbirner SV,1.03,1.1,1.08,1.04,1.05,1.01,1.01,1.01,1.01,1.01,1.01,1.01,1.01,1.01,1.01,1.01,1.01,1.01,1.01,1.01,1.01,1.01,1.01,1.01,1.01
32678704,1.219064722,Danish 1st Division,2023-10-06,14:00:00,B93 Copenhagen,Hillerod Fodbold,2.62,3.4,2.14,1.65,2.14,1.6,2.22,22.0,16.0,20.0,36.0,18.5,11.5,14.0,27.0,26.0,16.0,18.5,38.0,980.0,36.0,42.0,980.0,25.0,17.0
32682144,1.219105635,Bulgarian A League,2023-10-06,14:00:00,Beroe Stara Za,Lokomotiv Sofia,2.5,3.25,3.0,2.08,1.74,1.83,1.99,990.0,990.0,990.0,980.0,990.0,990.0,990.0,980.0,990.0,990.0,990.0,980.0,980.0,980.0,980.0,1.01,980.0,980.0
32677800,1.219025188,Danish Superliga,2023-10-06,14:00:00,Silkeborg,Lyngby,1.78,4.2,4.7,1.75,2.06,1.76,2.08,17.0,19.0,38.0,980.0,9.8,9.4,21.0,60.0,12.0,11.0,20.0,65.0,19.5,19.5,34.0,100.0,11.0,60.0
32691449,1.219281678,Austrian Landesliga,2023-10-06,14:00:00,Asco Atsv Wolfsberg,KAC 1909,2.54,3.9,2.14,1.37,1.08,1.38,2.88,38.0,23.0,25.0,40.0,26.0,990.0,990.0,23.0,990.0,990.0,990.0,27.0,1.01,28.0,30.0,1.01,1.01,990.0
32677363,1.219018448,Swiss Challenge League,2023-10-06,14:30:00,Schaffhausen,FC Vaduz,2.8,4.2,2.34,1.46,1.72,1.46,2.66,30.0,20.0,22.0,990.0,22.0,11.0,12.0,23.0,27.0,14.0,15.0,980.0,55.0,990.0,990.0,60.0,15.5,11.5
32690326,1.219262501,French National,2023-10-06,14:30:00,Orleans,Nancy,2.22,2.78,2.92,2.18,1.55,1.86,1.76,990.0,990.0,980.0,1.01,990.0,990.0,990.0,1.01,990.0,990.0,980.0,1.01,1.01,980.0,1.01,1.01,980.0,1.01
32677362,1.219018538,Swiss Challenge League,2023-10-06,14:30:00,Stade Nyonnais,Fc Baden,1.72,4.1,4.6,1.61,2.26,1.63,2.18,24.0,25.0,980.0,980.0,13.0,12.0,23.0,980.0,14.0,11.5,22.0,980.0,23.0,19.5,34.0,980.0,10.0,980.0
32690860,1.219271937,German Regionalliga West,2023-10-06,14:30:00,Fortuna Koln,Alemannia Aachen,2.14,3.55,3.2,1.79,2.02,1.68,2.2,990.0,990.0,980.0,980.0,990.0,990.0,990.0,980.0,990.0,990.0,990.0,980.0,980.0,980.0,980.0,1.01,990.0,980.0
32690325,1.219262591,French National,2023-10-06,14:30:00,Red Star,Villefranche Beaujolais,1.77,3.2,3.85,1.84,1.77,1.75,1.87,990.0,990.0,980.0,1.01,990.0,990.0,980.0,1.01,990.0,990.0,980.0,1.01,980.0,980.0,980.0,1.01,990.0,1.01
32691648,1.219281768,Belgian Reserves,2023-10-06,14:30:00,AS Eupen (Res),Waasland-Beveren (Res),1.46,1.03,4.7,1.37,1.7,1.01,1.01,1.01,1.01,1.01,1.01,1.01,1.01,1.01,1.01,1.01,1.01,1.01,1.01,1.01,1.01,1.01,1.01,990.0,1.01
32690331,1.219262228,French National,2023-10-06,14:30:00,Martigues,Le Mans,2.32,3.1,3.25,2.14,1.7,1.88,1.93,990.0,990.0,980.0,980.0,990.0,990.0,990.0,980.0,990.0,990.0,980.0,980.0,980.0,980.0,980.0,1.01,980.0,980.0
32690329,1.219262319,French National,2023-10-06,14:30:00,Dijon,Marignane-Gignac,1.56,3.7,5.7,1.92,1.8,1.94,1.78,990.0,980.0,980.0,1.01,8.6,10.5,980.0,980.0,9.8,11.5,980.0,980.0,990.0,990.0,980.0,980.0,990.0,980.0
32690935,1.219269618,Dutch Women's Matches,2023-10-06,14:30:00,FC Zwolle (W),PSV Eindhoven (W),6.2,4.3,1.44,1.57,2.26,1.73,2.0,980.0,990.0,990.0,990.0,980.0,990.0,990.0,990.0,980.0,980.0,980.0,980.0,1.01,1.01,1.01,1.01,1.01,990.0
32690941,1.219269438,Dutch Women's Matches,2023-10-06,14:30:00,Excelsior (W),Twente (W),48.0,1.2,1.01,1.01,1.05,1.01,1.01,1.01,1.01,1.01,1.01,1.01,1.01,1.01,1.01,1.01,1.01,1.01,1.01,1.01,1.01,1.01,1.01,1.01,1.01
32690884,1.219271738,German Oberliga,2023-10-06,14:30:00,TSG Sprockhovel,SpVgg Erkenschwick,1.05,1.14,1.07,1.01,1.05,1.01,1.01,1.01,1.01,1.01,1.01,1.01,1.01,1.01,1.01,1.01,1.01,1.01,1.01,1.01,1.01,1.01,1.01,1.01,1.01
32692753,1.219298037,German Matches,2023-10-06,14:30:00,TSV Rudow,SpVg Blau-Weiss 1890 Berlin,1.01,1.01,1.01,1.01,1.17,1.01,1.01,1.01,1.01,1.01,1.01,1.01,1.01,1.01,1.01,1.01,1.01,1.01,1.01,1.01,1.01,1.01,1.01,1.01,1.01
32692754,1.219297947,German Matches,2023-10-06,14:30:00,Berlin Turkspor,Berlin Hilalspor,1.01,1.01,1.01,1.01,1.21,1.01,1.01,1.01,1.01,1.01,1.01,1.01,1.01,1.01,1.01,1.01,1.01,1.01,1.01,1.01,1.01,1.01,1.01,1.01,1.01
32690332,1.219262138,French National,2023-10-06,14:30:00,Nimes,Niort,2.24,3.15,2.94,1.94,1.8,1.75,1.98,990.0,990.0,980.0,980.0,11.5,8.8,990.0,980.0,990.0,990.0,980.0,980.0,980.0,980.0,980.0,980.0,980.0,980.0
32690333,1.219262037,French National,2023-10-06,14:30:00,Epinal,Rouen,3.5,2.9,2.18,2.26,1.64,1.94,1.86,990.0,990.0,990.0,1.01,990.0,990.0,990.0,1.01,1.01,980.0,980.0,1.01,1.01,1.01,1.01,1.01,1.01,1.01
32690934,1.219269528,Dutch Women's Matches,2023-10-06,14:30:00,AZ Alkmaar Women,Fortuna Sittard (W),1.01,1.01,1.01,1.01,1.05,1.01,1.01,1.01,1.01,1.01,1.01,1.01,1.01,1.01,1.01,1.01,1.01,1.01,1.01,1.01,1.01,1.01,1.01,1.01,1.01
32690330,1.219262753,French National,2023-10-06,14:30:00,GOAL FC,Chateauroux,2.66,2.84,2.66,2.2,1.61,1.86,1.86,990.0,990.0,990.0,1.01,990.0,990.0,990.0,1.01,990.0,990.0,980.0,1.01,1.01,1.01,1.01,1.01,1.01,1.01
32691699,1.219282313,Kuwaiti Premier League,2023-10-06,14:45:00,Khaitan,Al Nasar (KUW),1.04,1.01,1.04,1.01,1.23,1.01,1.01,1.01,1.01,1.01,1.01,1.01,1.01,1.01,1.01,1.01,1.01,1.01,1.01,1.01,1.01,1.01,1.01,1.01,1.01
32679773,1.219065532,Dutch Eerste Divisie,2023-10-06,15:00:00,Helmond Sport,Jong FC Utrecht,1.71,1.1,3.9,1.56,2.14,1.63,2.06,23.0,24.0,42.0,980.0,13.5,12.0,22.0,60.0,14.5,990.0,1.01,1.01,22.0,21.0,34.0,1.01,10.5,1.01
32679753,1.219065712,Dutch Eerste Divisie,2023-10-06,15:00:00,Jong PSV Eindhoven,MVV Maastricht,2.04,4.0,3.0,1.44,2.48,1.55,2.6,29.0,24.0,32.0,60.0,18.5,13.5,18.0,36.0,20.0,14.0,18.0,38.0,30.0,23.0,29.0,980.0,11.0,21.0
32691146,1.219274814,Belgian Women's Matches,2023-10-06,15:00:00,Royal Charleroi SC (W),SV Zulte Waregem (W),1.01,1.01,1.01,1.47,1.01,1.01,1.01,1.01,1.01,1.01,1.01,1.01,1.01,1.01,1.01,1.01,1.01,1.01,1.01,1.01,1.01,1.01,1.01,1.01,1.01
32679739,1.219066432,Dutch Eerste Divisie,2023-10-06,15:00:00,Emmen,SC Telstar,1.5,4.9,6.0,1.56,2.38,1.75,2.04,26.0,32.0,980.0,980.0,12.0,990.0,29.0,980.0,11.5,11.5,24.0,980.0,15.0,16.5,32.0,980.0,6.4,980.0
32668602,1.218886252,Romanian Liga I,2023-10-06,15:00:00,Rapid Bucharest,CSMS Iasi,1.44,4.7,7.8,1.8,2.02,2.02,1.72,18.0,38.0,100.0,490.0,8.4,11.5,44.0,190.0,8.4,11.0,980.0,200.0,12.5,16.0,44.0,980.0,8.0,320.0
32679749,1.219066252,Dutch Eerste Divisie,2023-10-06,15:00:00,Jong Ajax Amsterdam,VVV Venlo,2.7,4.2,2.42,1.42,2.96,1.43,2.86,980.0,22.0,24.0,980.0,22.0,12.5,13.5,23.0,980.0,13.5,15.5,26.0,980.0,25.0,26.0,980.0,12.5,11.0
32691737,1.219286536,Brazilian U20,2023-10-06,15:00:00,AA Portuguesa U20,Corinthians U20,2.58,2.94,2.38,1.92,1.71,1.71,1.91,990.0,990.0,990.0,42.0,990.0,990.0,990.0,36.0,23.0,990.0,22.0,55.0,55.0,40.0,55.0,1.01,38.0,990.0
32673033,1.218953900,Saudi Professional League,2023-10-06,15:00:00,Al-Ittihad,Al Ahli,2.0,4.0,3.25,1.55,2.46,1.5,2.44,25.0,24.0,34.0,90.0,15.5,10.5,16.0,40.0,17.5,11.5,16.0,42.0,29.0,20.0,28.0,980.0,11.0,27.0
32677360,1.219018088,Dutch Eerste Divisie,2023-10-06,15:00:00,Roda JC,Jong AZ Alkmaar,1.6,4.4,5.1,1.58,2.38,1.68,2.2,24.0,26.0,980.0,980.0,12.0,11.5,22.0,980.0,12.0,10.5,20.0,980.0,17.5,16.0,980.0,980.0,7.4,980.0
32677364,1.219017998,Dutch Eerste Divisie,2023-10-06,15:00:00,ADO Den Haag,FC Oss,1.5,5.0,6.2,1.59,2.26,1.71,1.96,27.0,36.0,980.0,980.0,12.5,14.0,32.0,980.0,11.5,12.0,27.0,980.0,16.0,17.0,36.0,980.0,6.6,980.0
32679750,1.219066072,Dutch Eerste Divisie,2023-10-06,15:00:00,NAC Breda,FC Groningen,2.8,3.45,2.02,1.62,2.16,1.57,2.3,22.0,16.0,19.5,36.0,20.0,11.0,13.5,25.0,29.0,16.5,18.5,36.0,980.0,36.0,42.0,980.0,26.0,14.5
32662773,1.218765760,Dutch Eredivisie,2023-10-06,15:00:00,FC Volendam,FC Utrecht,4.0,4.3,1.87,1.58,2.34,1.63,2.4,22.0,13.5,14.0,22.0,22.0,10.5,11.0,17.5,34.0,17.0,16.5,27.0,80.0,42.0,42.0,65.0,30.0,8.8
32679752,1.219065892,Dutch Eerste Divisie,2023-10-06,15:00:00,FC Dordrecht,Cambuur Leeuwarden,3.1,4.1,2.04,1.52,2.5,1.51,2.56,29.0,19.0,21.0,30.0,25.0,990.0,14.0,23.0,980.0,18.0,17.5,29.0,980.0,38.0,38.0,60.0,22.0,11.0
32679735,1.219066612,Dutch Eerste Divisie,2023-10-06,15:00:00,Den Bosch,FC Eindhoven,2.68,3.3,2.32,1.81,1.99,1.68,2.18,17.0,13.5,19.0,40.0,14.5,9.2,13.0,29.0,23.0,14.5,19.0,42.0,55.0,36.0,980.0,980.0,28.0,21.0
32681980,1.219104616,Belgian First Division B,2023-10-06,15:00:00,Lommel,SL 16 FC,1.41,4.8,6.6,1.44,2.5,1.66,1.98,980.0,980.0,80.0,1.01,14.0,990.0,980.0,980.0,12.5,12.5,26.0,980.0,15.0,990.0,980.0,110.0,5.6,980.0
32690853,1.219268627,German Oberliga,2023-10-06,15:00:00,Tennis Borussia Berlin,Dynamo Schwerin,1.01,1.01,1.01,1.01,1.33,1.01,1.01,1.01,1.01,1.01,1.01,1.01,1.01,1.01,1.01,1.01,1.01,1.01,1.01,1.01,1.01,1.01,1.01,1.01,1.01
32692550,1.219293496,English U23 Premier League Cup,2023-10-06,15:00:00,Colchester United U21,Chelsea U21,1.04,1.01,1.04,1.01,1.08,1.01,1.01,1.01,1.01,1.01,1.01,1.01,1.01,1.01,1.01,1.01,1.01,1.01,1.01,1.01,1.01,1.01,1.01,1.01,1.01
32690890,1.219271828,German Oberliga,2023-10-06,15:00:00,TVD Velbert,FC Kleve,1.68,1.01,3.4,1.01,1.64,1.01,1.01,1.01,1.01,1.01,1.01,1.01,980.0,1.01,1.01,1.01,980.0,1.01,1.01,1.01,1.01,1.01,1.01,990.0,1.01
32691582,1.219281858,Belgian Reserves,2023-10-06,15:00:00,RFC de Liege U21,KMSK Deinze U21,1.01,1.01,1.01,1.01,1.08,1.01,1.01,1.01,1.01,1.01,1.01,1.01,1.01,1.01,1.01,1.01,1.01,1.01,1.01,1.01,1.01,1.01,1.01,1.01,1.01
32679751,1.219065982,Dutch Eerste Divisie,2023-10-06,15:00:00,Willem II,De Graafschap,1.88,3.75,3.85,1.7,2.14,1.69,2.18,18.5,18.5,32.0,980.0,12.0,9.8,17.5,980.0,14.0,11.5,18.5,980.0,23.0,21.0,980.0,980.0,11.5,990.0
32690970,1.219271092,Algerian Ligue 1,2023-10-06,15:00:00,US Biskra,Paradou,2.2,2.88,3.65,2.24,1.58,1.01,1.73,990.0,980.0,1.01,1.01,990.0,990.0,1.01,1.01,980.0,980.0,1.01,1.01,1.01,1.01,1.01,1.01,1.01,1.01
32690969,1.219271182,Algerian Ligue 1,2023-10-06,15:00:00,MC Oran,NC Magra,1.93,3.0,4.6,2.64,1.49,2.22,1.67,990.0,990.0,980.0,1.01,990.0,990.0,980.0,1.01,990.0,990.0,980.0,1.01,980.0,980.0,980.0,1.01,980.0,1.01
32692557,1.219293226,English U23 Premier League Cup,2023-10-06,15:00:00,Nottingham Forest U21,Huddersfield Town U21,1.04,1.01,1.04,1.01,1.08,1.01,1.01,1.01,1.01,1.01,1.01,1.01,1.01,1.01,1.01,1.01,1.01,1.01,1.01,1.01,1.01,1.01,1.01,1.01,1.01
32692551,1.219293406,English U23 Premier League Cup,2023-10-06,15:00:00,Fulham U21,Leicester U21,1.04,1.01,1.04,1.01,1.08,1.01,1.01,1.01,1.01,1.01,1.01,1.01,1.01,1.01,1.01,1.01,1.01,1.01,1.01,1.01,1.01,1.01,1.01,1.01,1.01
32691551,1.219282038,Belgian First Division B,2023-10-06,15:00:00,Seraing Utd,FCV Dender,2.44,3.6,2.44,1.65,2.12,1.61,2.2,990.0,990.0,990.0,40.0,990.0,990.0,990.0,30.0,990.0,990.0,990.0,38.0,40.0,29.0,38.0,80.0,990.0,990.0
32692556,1.219293316,English U23 Premier League Cup,2023-10-06,15:00:00,Wolves U21,Bournemouth U21,1.04,1.01,1.04,1.01,1.08,1.01,1.01,1.01,1.01,1.01,1.01,1.01,1.01,1.01,1.01,1.01,1.01,1.01,1.01,1.01,1.01,1.01,1.01,1.01,1.01
32692549,1.219293586,English U23 Premier League Cup,2023-10-06,15:00:00,Aston Villa U21,Hull City U21,1.04,1.01,1.04,1.01,1.08,1.01,1.01,1.01,1.01,1.01,1.01,1.01,1.01,1.01,1.01,1.01,1.01,1.01,1.01,1.01,1.01,1.01,1.01,1.01,1.01
32692548,1.219293676,English U23 Premier League Cup,2023-10-06,15:00:00,Middlesbrough U21,Ipswich Town U21,1.04,1.01,1.04,1.01,1.08,1.01,1.01,1.01,1.01,1.01,1.01,1.01,1.01,1.01,1.01,1.01,1.01,1.01,1.01,1.01,1.01,1.01,1.01,1.01,1.01
32691739,1.219310807,Argentinian Women's Matches,2023-10-06,15:10:00,CA Banfield (W),Defensores de Belgrano (W),1.04,1.01,1.04,1.01,1.05,1.01,1.01,1.01,1.01,1.01,1.01,1.01,1.01,1.01,1.01,1.01,1.01,1.01,1.01,1.01,1.01,1.01,1.01,1.01,1.01
32677435,1.219018358,Swiss Challenge League,2023-10-06,15:15:00,Sion,FC Wil,1.66,3.95,4.6,1.63,2.24,1.64,2.04,22.0,24.0,1.01,980.0,13.0,11.5,1.01,980.0,1.01,12.5,21.0,980.0,22.0,21.0,1.01,1.01,1.01,1.01
32685571,1.219188183,Argentinian Primera B Nacional,2023-10-06,15:30:00,Guillermo Brown,Alvarado,1.92,3.45,1.04,1.07,1.29,1.01,1.01,1.01,1.01,1.01,1.01,1.01,1.01,1.01,1.01,1.01,1.01,1.01,1.01,1.01,1.01,1.01,1.01,1.01,1.01
32692642,1.219300530,Brazilian U20,2023-10-06,15:30:00,AA Aparecidense U20,Aparecida EC U20,1.04,1.01,1.04,1.01,1.01,1.01,1.01,1.01,1.01,1.01,1.01,1.01,1.01,1.01,1.01,1.01,1.01,1.01,1.01,1.01,1.01,1.01,1.01,1.01,1.01
32687551,1.219218625,Portuguese Liga 3,2023-10-06,15:30:00,Academica,Covilha,2.32,2.96,2.92,2.08,1.67,1.81,1.9,990.0,990.0,980.0,1.01,990.0,990.0,990.0,1.01,990.0,990.0,980.0,1.01,1.01,1.01,1.01,1.01,980.0,1.01
32691143,1.219274904,Belgian Women's Matches,2023-10-06,15:30:00,Femina WS (W),Anderlecht (W),1.03,1.01,1.01,1.01,1.04,1.01,1.01,1.01,1.01,1.01,1.01,1.01,1.01,1.01,1.01,1.01,1.01,1.01,1.01,1.01,1.01,1.01,1.01,1.01,1.01
32692650,1.219300132,Brazilian U20,2023-10-06,15:30:00,Vila Nova U20,Jataiense U20,1.04,1.01,1.04,1.01,1.01,1.01,1.01,1.01,1.01,1.01,1.01,1.01,1.01,1.01,1.01,1.01,1.01,1.01,1.01,1.01,1.01,1.01,1.01,1.01,1.01
32692645,1.219300222,Brazilian U20,2023-10-06,15:30:00,Goias EC U20,Guanabara City U20,1.04,1.01,1.04,1.01,1.01,1.01,1.01,1.01,1.01,1.01,1.01,1.01,1.01,1.01,1.01,1.01,1.01,1.01,1.01,1.01,1.01,1.01,1.01,1.01,1.01
32692644,1.219300312,Brazilian U20,2023-10-06,15:30:00,Cerrado U20,Itaberai U20,1.04,1.01,1.04,1.01,1.01,1.01,1.01,1.01,1.01,1.01,1.01,1.01,1.01,1.01,1.01,1.01,1.01,1.01,1.01,1.01,1.01,1.01,1.01,1.01,1.01
32691581,1.219281948,Belgian Reserves,2023-10-06,15:30:00,Francs Borains U21,Lommel SK U21,1.12,1.12,1.01,1.01,1.08,1.01,1.01,1.01,1.01,1.01,1.01,1.01,1.01,1.01,1.01,1.01,1.01,1.01,1.01,1.01,1.01,1.01,1.01,1.01,1.01
32676951,1.219010528,Austrian Erste Liga,2023-10-06,15:30:00,First Vienna Fc 1894,Floridsdorfer AC,2.96,3.4,2.14,1.76,1.96,1.64,2.12,990.0,990.0,990.0,980.0,990.0,990.0,990.0,26.0,980.0,990.0,990.0,980.0,65.0,40.0,48.0,1.01,34.0,990.0
32660228,1.218721166,German Bundesliga,2023-10-06,15:30:00,Mgladbach,Mainz,2.16,3.9,3.5,1.68,2.44,1.6,2.52,19.5,18.0,27.0,60.0,13.0,9.0,14.0,34.0,15.5,11.0,15.0,38.0,27.0,19.5,29.0,60.0,11.5,24.0
32665908,1.218838419,Polish Ekstraklasa,2023-10-06,15:30:00,Lech Poznan,Puszcza Niepolomice,1.39,5.0,7.4,1.68,2.12,1.91,1.84,23.0,32.0,980.0,980.0,9.2,13.0,36.0,980.0,10.0,10.5,30.0,980.0,13.5,18.0,38.0,980.0,7.2,980.0
32675384,1.218992650,Polish I Liga,2023-10-06,15:30:00,Lechia Gdansk,Gornik Leczna,1.65,2.9,3.4,1.79,1.82,1.01,1.01,1.01,1.01,1.01,1.01,1.01,1.01,1.01,1.01,1.01,1.01,1.01,1.01,1.01,1.01,1.01,1.01,1.01,1.01
32691821,1.219281318,Polish 2 Liga,2023-10-06,15:30:00,Gks Jastrzebie,Radunia Stezyca,2.56,3.05,2.46,1.35,1.67,1.78,1.92,990.0,1.01,1.01,1.01,1.01,990.0,1.01,1.01,1.01,1.01,1.01,1.01,1.01,1.01,1.01,1.01,1.01,1.01
32690280,1.219264643,English FA Women's Super League 1,2023-10-06,15:30:00,Man Utd (W),Arsenal (W),1.91,1.32,1.04,1.03,1.19,1.01,1.01,1.01,1.01,1.01,1.01,1.01,1.01,1.01,1.01,1.01,1.01,1.01,1.01,1.01,1.01,1.01,1.01,1.01,1.01
32673022,1.218951361,Hungarian NB I,2023-10-06,15:30:00,Puskas Akademia,Kisvarda,1.77,3.55,5.1,1.84,1.85,1.74,1.87,15.5,21.0,42.0,150.0,9.6,8.8,22.0,85.0,12.0,10.5,23.0,980.0,21.0,990.0,980.0,160.0,13.0,120.0
32679601,1.219064992,Italian Serie B,2023-10-06,15:30:00,Brescia,Feralpisalo,2.08,3.15,4.3,1.1,1.34,1.01,1.01,9.6,13.5,32.0,980.0,8.0,7.6,990.0,80.0,12.5,11.5,980.0,980.0,30.0,32.0,65.0,980.0,28.0,980.0
32689953,1.219258370,Italian Serie C,2023-10-06,15:45:00,Mantova,Alessandria,1.46,3.75,6.6,1.98,1.71,2.06,1.61,990.0,980.0,980.0,1.01,7.4,11.5,980.0,980.0,9.6,11.5,980.0,980.0,990.0,980.0,980.0,1.01,12.5,1.01
32671418,1.218931698,Italian Serie A,2023-10-06,15:45:00,Lecce,Sassuolo,2.62,3.6,2.88,1.83,2.14,1.69,2.34,15.5,13.5,19.5,44.0,13.0,8.0,12.5,28.0,18.0,11.5,15.5,38.0,38.0,26.0,36.0,75.0,19.5,23.0
32676961,1.219010618,Irish Premier Division,2023-10-06,15:45:00,Shelbourne,Dundalk,2.32,3.15,2.98,2.04,1.66,1.82,1.87,13.0,13.5,27.0,75.0,11.0,8.8,17.5,55.0,16.5,14.0,24.0,70.0,38.0,34.0,55.0,150.0,28.0,55.0
32682789,1.219123455,Belgian First Division A,2023-10-06,15:45:00,Charleroi,Molenbeek,1.94,3.8,4.1,1.77,2.1,1.72,2.2,19.5,21.0,38.0,110.0,12.0,10.5,21.0,60.0,14.5,12.0,22.0,65.0,25.0,22.0,38.0,110.0,13.5,55.0
32665905,1.218838599,Irish Premier Division,2023-10-06,15:45:00,Drogheda,Derry City,5.0,3.85,1.59,1.77,1.99,1.81,1.98,18.0,9.8,11.5,18.0,22.0,10.5,11.0,19.5,48.0,24.0,23.0,36.0,980.0,980.0,980.0,120.0,85.0,9.8
32686847,1.219209073,Welsh Premiership,2023-10-06,15:45:00,Cardiff Metropolitan,Barry Town Utd,1.64,4.0,5.7,1.71,2.04,1.78,1.95,18.5,990.0,50.0,980.0,9.8,11.0,26.0,980.0,10.5,10.0,23.0,980.0,17.0,17.0,980.0,980.0,9.6,110.0
32679531,1.219069263,Irish Division 1,2023-10-06,15:45:00,Treaty United,Finn Harps,1.62,1.01,4.4,1.22,1.34,1.7,2.04,1.01,1.01,1.01,1.01,990.0,990.0,1.01,1.01,990.0,990.0,980.0,1.01,980.0,980.0,1.01,1.01,990.0,1.01
32677011,1.219010977,Irish Division 1,2023-10-06,15:45:00,Athlone Town,Bray Wanderers,1.87,3.8,3.35,1.53,2.36,1.56,2.3,24.0,22.0,32.0,70.0,990.0,990.0,990.0,42.0,990.0,990.0,990.0,44.0,25.0,980.0,30.0,980.0,990.0,29.0
32677010,1.219011067,Irish Division 1,2023-10-06,15:45:00,Kerry FC,Wexford F.C,5.7,3.8,1.47,1.59,2.2,1.72,2.0,24.0,990.0,990.0,990.0,1.01,990.0,990.0,990.0,1.01,1.01,24.0,1.01,1.01,1.01,1.01,1.01,1.01,990.0
32679333,1.219066702,Northern Irish Premiership,2023-10-06,15:45:00,Linfield,Glentoran,1.69,3.75,4.5,1.73,1.89,1.71,1.92,990.0,990.0,980.0,980.0,11.0,11.0,980.0,980.0,990.0,12.0,980.0,980.0,980.0,980.0,980.0,980.0,990.0,980.0
32679400,1.219066342,Northern Irish Premiership,2023-10-06,15:45:00,Larne,Crusaders,1.66,3.35,4.2,1.77,1.84,1.73,1.89,990.0,21.0,1.01,1.01,990.0,990.0,23.0,1.01,990.0,990.0,24.0,1.01,23.0,22.0,1.01,1.01,990.0,1.01
32689995,1.219262900,English FA Trophy,2023-10-06,15:45:00,Potters Bar Town,Berkhamsted Town,1.06,1.13,1.07,1.01,1.03,1.01,1.01,1.01,1.01,1.01,1.01,1.01,1.01,1.01,1.01,1.01,1.01,1.01,1.01,1.01,1.01,1.01,1.01,1.01,1.01
32679597,1.219069042,Irish Division 1,2023-10-06,15:45:00,Cobh Ramblers,Longford,1.84,3.9,3.8,1.01,2.26,1.63,2.28,980.0,990.0,1.01,85.0,1.01,990.0,990.0,1.01,990.0,990.0,990.0,50.0,23.0,990.0,32.0,1.01,990.0,1.01
32662106,1.218752044,French Ligue 1,2023-10-06,16:00:00,Strasbourg,Nantes,2.26,3.45,3.65,2.16,1.83,1.89,2.0,11.5,12.5,24.0,70.0,9.2,7.4,15.0,46.0,13.0,11.0,19.0,60.0,28.0,26.0,44.0,120.0,21.0,50.0
32686850,1.219208893,Welsh Premiership,2023-10-06,16:00:00,Aberystwyth,Connahs Quay,13.5,7.0,1.22,1.42,2.76,2.0,1.76,980.0,990.0,9.0,990.0,980.0,990.0,990.0,990.0,1.01,980.0,980.0,980.0,1.01,1.01,1.01,1.01,1.01,3.8
32687685,1.219221171,Spanish Segunda Division,2023-10-06,16:00:00,Albacete,Levante,2.14,3.3,3.8,2.08,1.69,1.85,1.86,1.01,14.0,1.01,980.0,1.01,1.01,1.01,980.0,1.01,1.01,1.01,1.01,1.01,1.01,1.01,980.0,23.0,980.0
32668723,1.218889200,Spanish La Liga,2023-10-06,16:00:00,Athletic Bilbao,Almeria,1.41,5.5,8.8,1.67,2.42,1.95,2.0,22.0,32.0,75.0,260.0,9.8,12.0,32.0,120.0,8.6,10.5,26.0,110.0,12.0,14.0,32.0,130.0,5.5,140.0
32691579,1.219283393,French Women's Matches,2023-10-06,16:00:00,Le Havre AC (W),Paris FC (W),8.2,4.6,1.26,1.01,1.21,1.8,1.8,1.01,990.0,990.0,1.01,1.01,1.01,990.0,990.0,1.01,1.01,1.01,1.01,1.01,1.01,1.01,1.01,1.01,990.0
32677003,1.219011157,English Championship,2023-10-06,16:00:00,Birmingham,West Brom,2.76,3.25,2.98,2.44,1.67,2.0,1.9,9.8,9.8,17.5,48.0,9.0,7.2,13.0,40.0,16.0,12.5,21.0,60.0,42.0,36.0,60.0,140.0,38.0,44.0
32691901,1.219310992,Costa Rican Liga de Ascenso,2023-10-06,16:00:00,Guadalupe F.C,Futbol Consultants Moravia,1.04,1.01,1.04,1.01,1.05,1.01,1.01,1.01,1.01,1.01,1.01,1.01,1.01,1.01,1.01,1.01,1.01,1.01,1.01,1.01,1.01,1.01,1.01,1.01,1.01
32691944,1.219285528,Icelandic Women's Matches,2023-10-06,16:15:00,Stjarnan (W),Throttur Reykjavik (W),1.94,1.01,3.25,1.01,1.05,1.01,1.01,1.01,1.01,1.01,1.01,1.01,1.01,1.01,1.01,1.01,1.01,1.01,1.01,1.01,1.01,1.01,1.01,1.01,1.01
32691945,1.219285438,Icelandic Women's Matches,2023-10-06,16:15:00,Valur Reykjavik (W),Breidablik (W),1.75,1.03,2.9,1.52,1.05,1.01,1.01,1.01,1.01,1.01,1.01,1.01,1.01,1.01,1.01,1.01,990.0,1.01,1.01,1.01,1.01,1.01,1.01,990.0,1.01
32679728,1.219067062,Portuguese Primeira Liga,2023-10-06,16:15:00,Moreirense,Boavista,2.24,3.5,3.4,1.84,1.9,1.84,1.93,15.5,16.0,28.0,70.0,12.0,8.4,17.5,48.0,17.0,13.0,21.0,65.0,34.0,28.0,48.0,120.0,22.0,48.0
32691934,1.219286026,Moroccan Botola Pro 1,2023-10-06,16:30:00,SCCM Chabab Mohamedia,HUSA Agadir,2.62,1.01,3.0,1.01,1.08,1.01,1.01,1.01,1.01,1.01,1.01,1.01,1.01,1.01,1.01,1.01,1.01,1.01,1.01,1.01,1.01,1.01,1.01,1.01,1.01
32692964,1.219305162,Spanish Tercera Division RFEF,2023-10-06,16:30:00,CD Buzanada,CD Herbania,1.01,1.01,1.01,1.01,1.05,1.01,1.01,1.01,1.01,1.01,1.01,1.01,1.01,1.01,1.01,1.01,1.01,1.01,1.01,1.01,1.01,1.01,1.01,1.01,1.01
32690701,1.219267147,Venezuelan Primera Division,2023-10-06,17:00:00,Mineros Guayana,Angostura FC,2.48,3.15,2.82,1.89,1.9,1.7,2.14,990.0,990.0,980.0,1.01,990.0,990.0,990.0,1.01,990.0,990.0,990.0,1.01,1.01,980.0,1.01,1.01,980.0,980.0
32690700,1.219267237,Venezuelan Primera Division,2023-10-06,17:00:00,Monagas,Deportivo La Guaira,2.26,3.25,2.88,1.97,1.77,1.78,1.98,990.0,990.0,980.0,1.01,990.0,990.0,990.0,980.0,990.0,990.0,980.0,1.01,980.0,980.0,1.01,1.01,990.0,980.0
32690702,1.219267057,Venezuelan Primera Division,2023-10-06,17:00:00,CD Hermanos Colmenarez,Zamora FC,2.44,2.96,2.48,1.3,1.27,1.69,1.92,1.01,980.0,1.01,1.01,980.0,990.0,1.01,1.01,1.01,1.01,1.01,1.01,1.01,1.01,1.01,1.01,1.01,1.01
32685510,1.219189263,Argentinian Primera B Nacional,2023-10-06,17:00:00,Nueva Chicago,Defensores de Belgrano,2.68,2.8,3.15,2.86,1.44,2.16,1.7,990.0,990.0,990.0,70.0,990.0,990.0,990.0,980.0,990.0,990.0,980.0,1.01,980.0,48.0,90.0,1.01,60.0,85.0
32692965,1.219305072,Spanish Tercera Division RFEF,2023-10-06,17:00:00,Arucas CF,UD Teror Balompie,1.01,1.01,1.01,1.01,1.05,1.01,1.01,1.01,1.01,1.01,1.01,1.01,1.01,1.01,1.01,1.01,1.01,1.01,1.01,1.01,1.01,1.01,1.01,1.01,1.01
32692604,1.219297819,CONMEBOL Women's Copa Libertadores,2023-10-06,17:00:00,Club Nacional (W),SC Internacional (W),1.04,1.01,1.04,1.01,1.14,1.01,1.01,1.01,1.01,1.01,1.01,1.01,1.01,1.01,1.01,1.01,1.01,1.01,1.01,1.01,1.01,1.01,1.01,1.01,1.01
32692072,1.219286265,Peruvian Segunda Division,2023-10-06,17:15:00,Deportivo Llacuabamba,Uni San Martin,1.47,3.95,5.2,1.01,1.44,1.01,1.9,1.01,1.01,1.01,1.01,1.01,1.01,1.01,1.01,1.01,1.01,1.01,1.01,1.01,1.01,1.01,1.01,990.0,1.01
32692651,1.219300402,Brazilian U20,2023-10-06,18:00:00,Vianopolis U20,Trindade AC U20,1.04,1.01,1.04,1.01,1.05,1.01,1.01,1.01,1.01,1.01,1.01,1.01,1.01,1.01,1.01,1.01,1.01,1.01,1.01,1.01,1.01,1.01,1.01,1.01,1.01
32685424,1.219182447,Colombian Primera B,2023-10-06,18:00:00,Boca Juniors de Cali,Atletico FC Cali,2.08,3.35,3.7,1.97,1.69,1.87,1.84,990.0,990.0,980.0,980.0,10.5,8.8,990.0,980.0,990.0,990.0,980.0,980.0,980.0,980.0,980.0,980.0,980.0,980.0
32690892,1.219270158,Mexican Women's Matches,2023-10-06,18:45:00,Cruz Azul (W),Atletico San Luis (W),1.72,3.5,4.4,1.25,1.42,1.01,1.01,1.01,1.01,1.01,1.01,1.01,1.01,1.01,1.01,1.01,1.01,1.01,1.01,1.01,1.01,1.01,1.01,1.01,1.01
32690881,1.219269708,Mexican Segunda Division,2023-10-06,19:00:00,Chilangos FC,Ciervos FC,1.74,4.2,3.75,1.45,2.72,1.5,2.56,980.0,980.0,1.01,1.01,990.0,990.0,990.0,1.01,990.0,990.0,990.0,980.0,980.0,990.0,980.0,1.01,990.0,980.0
32678625,1.219062562,Chilean Primera Division,2023-10-06,19:00:00,Union La Calera,Huachipato,2.26,3.45,3.0,1.82,1.98,1.69,2.18,990.0,14.5,980.0,980.0,12.0,8.8,990.0,980.0,990.0,12.0,990.0,980.0,980.0,980.0,980.0,980.0,990.0,980.0
32692485,1.219292301,CONMEBOL Women's Copa Libertadores,2023-10-06,19:30:00,Corinthians (W),Colo Colo (W),1.04,1.01,1.04,1.01,1.04,1.01,1.01,1.01,1.01,1.01,1.01,1.01,1.01,1.01,1.01,1.01,1.01,1.01,1.01,1.01,1.01,1.01,1.01,1.01,1.01
32692482,1.219292391,CONMEBOL Women's Copa Libertadores,2023-10-06,19:30:00,Boca Juniors (W),America De Cali (W),1.04,1.01,1.04,1.01,1.04,1.01,1.01,1.01,1.01,1.01,1.01,1.01,1.01,1.01,1.01,1.01,1.01,1.01,1.01,1.01,1.01,1.01,1.01,1.01,1.01
32680987,1.219083957,Colombian Primera A,2023-10-06,20:00:00,Jaguares de Cordoba,Tolima,3.7,2.94,2.18,2.56,1.54,2.16,1.73,8.8,7.8,13.5,980.0,11.5,7.6,13.0,1.01,980.0,990.0,980.0,980.0,980.0,980.0,980.0,1.01,980.0,1.01
32691080,1.219274723,Mexican Segunda Division,2023-10-06,20:00:00,CD Poza Rica,Caja Oblatos C.FD,1.48,4.5,7.4,1.61,2.28,1.83,1.93,980.0,980.0,1.01,1.01,990.0,990.0,980.0,1.01,990.0,990.0,980.0,1.01,990.0,990.0,980.0,1.01,990.0,1.01
32685663,1.219193052,New Zealand Premiership,2023-10-06,20:00:00,Cashmere Technical,Wellington Olympic AFC,1.04,1.01,1.04,1.01,1.07,1.01,1.01,1.01,1.01,1.01,1.01,1.01,1.01,1.01,1.01,1.01,1.01,1.01,1.01,1.01,1.01,1.01,1.01,1.01,1.01
32677404,1.219018628,Uruguayan Primera Division,2023-10-06,20:00:00,Torque,La Luz FC,1.94,3.4,3.7,1.86,1.89,1.74,1.01,1.01,17.5,980.0,1.01,1.01,1.01,1.01,980.0,1.01,11.5,1.01,1.01,980.0,1.01,980.0,1.01,15.0,980.0
32671823,1.218938205,Mexican Ascenso MX,2023-10-06,20:05:00,Correcaminos UAT,Celaya,2.04,3.3,3.15,1.84,1.87,1.7,2.04,990.0,990.0,980.0,1.01,990.0,990.0,990.0,980.0,990.0,990.0,990.0,980.0,980.0,980.0,980.0,1.01,990.0,980.0
32692458,1.219297492,Canadian Premier League,2023-10-06,20:30:00,Valour,HFX Wanderers,1.06,1.13,1.06,1.01,1.05,1.01,1.01,1.01,1.01,1.01,1.01,1.01,1.01,1.01,1.01,1.01,1.01,1.01,1.01,1.01,1.01,1.01,1.01,1.01,1.01
32665544,1.218830458,Argentinian Copa de la Liga Profesional,2023-10-06,20:30:00,Rosario Central,Huracan,2.62,2.56,2.86,2.8,1.4,2.04,1.62,990.0,10.0,1.01,1.01,9.2,7.8,18.0,980.0,990.0,16.0,980.0,980.0,980.0,980.0,980.0,1.01,980.0,980.0
32692128,1.219286446,Salvadoran Primera Division,2023-10-06,21:00:00,Alianza FC (SLV),Fuerte San Francisco,1.04,1.01,1.04,1.01,1.05,1.01,1.01,1.01,1.01,1.01,1.01,1.01,1.01,1.01,1.01,1.01,1.01,1.01,1.01,1.01,1.01,1.01,1.01,1.01,1.01
32677418,1.219018178,Ecuadorian Serie A,2023-10-06,21:00:00,Deportivo Cuenca,Univ Catolica (Ecu),2.56,3.1,2.68,1.97,1.75,1.76,1.97,990.0,990.0,980.0,980.0,990.0,990.0,990.0,980.0,990.0,990.0,980.0,980.0,980.0,980.0,980.0,1.01,980.0,980.0
32674288,1.218975209,Brazilian Serie B,2023-10-06,21:30:00,Atletico GO,Ituano,1.68,3.6,5.9,2.12,1.73,2.04,1.67,12.5,19.5,980.0,980.0,1.01,10.0,980.0,980.0,10.5,12.5,32.0,980.0,20.0,25.0,1.01,980.0,16.5,980.0
32676667,1.219006484,Brazilian Serie B,2023-10-06,21:30:00,CRB,Ceara SC Fortaleza,2.0,3.1,4.2,2.5,1.53,2.1,1.74,9.4,13.0,980.0,980.0,7.2,7.6,990.0,980.0,12.5,12.0,980.0,980.0,1.01,980.0,980.0,980.0,980.0,980.0
32685564,1.219188633,Argentinian Primera B Nacional,2023-10-06,21:30:00,All Boys,Estudiantes Rio Cuarto,3.0,2.96,2.3,2.48,1.43,2.0,1.64,990.0,990.0,990.0,1.01,990.0,990.0,990.0,1.01,980.0,990.0,980.0,1.01,1.01,1.01,1.01,1.01,1.01,1.01
32690684,1.219266967,Costa Rican Primera Division,2023-10-06,22:00:00,Municipal Grecia,Santos de Guapiles,2.66,3.4,2.56,1.3,1.36,1.01,1.01,1.01,980.0,1.01,1.01,1.01,990.0,1.01,1.01,1.01,980.0,1.01,1.01,1.01,1.01,1.01,1.01,1.01,1.01
32692618,1.219298541,Panamanian Premier League,2023-10-06,22:00:00,San Francisco FC,UMECIT,1.05,1.08,1.08,1.1,1.05,1.01,1.01,1.01,1.01,1.01,1.01,1.01,1.01,1.01,1.01,1.01,1.01,1.01,1.01,1.01,1.01,1.01,1.01,1.01,1.01
32690909,1.219270068,Mexican Women's Matches,2023-10-06,22:06:00,FC Atlas (W),Mazatlan FC(W),1.18,6.2,1.04,1.33,1.85,1.01,1.01,1.01,1.01,1.01,1.01,1.01,1.01,1.01,1.01,1.01,1.01,1.01,1.01,1.01,1.01,1.01,1.01,990.0,1.01
32682651,1.219115317,Colombian Primera A,2023-10-06,22:10:00,Junior FC Barranquilla,Deportivo Cali,1.83,3.45,4.8,2.08,1.73,1.89,1.81,13.5,17.0,980.0,980.0,8.4,1.01,23.0,980.0,12.0,11.5,980.0,980.0,980.0,980.0,980.0,980.0,16.5,980.0
32685670,1.219193188,New Zealand Premiership,2023-10-06,23:30:00,Auckland United,Christchurch United,1.04,1.01,1.04,1.01,1.16,1.01,1.01,1.01,1.01,1.01,1.01,1.01,1.01,1.01,1.01,1.01,1.01,1.01,1.01,1.01,1.01,1.01,1.01,1.01,1.01
